ISO-10303-21;
HEADER;
FILE_DESCRIPTION(('FreeCAD Model'),'2;1');
FILE_NAME('Open CASCADE Shape Model','2026-09-05T09:38:55',('FreeCAD'),(
    'FreeCAD'),'Open CASCADE STEP processor 7.8','FreeCAD','Unknown');
FILE_SCHEMA(('AUTOMOTIVE_DESIGN { 1 0 10303 214 1 1 1 1 }'));
ENDSEC;
DATA;
#1 = APPLICATION_PROTOCOL_DEFINITION('international standard',
  'automotive_design',2000,#2);
#2 = APPLICATION_CONTEXT(
  'core data for automotive mechanical design processes');
#3 = SHAPE_DEFINITION_REPRESENTATION(#4,#10);
#4 = PRODUCT_DEFINITION_SHAPE('','',#5);
#5 = PRODUCT_DEFINITION('design','',#6,#9);
#6 = PRODUCT_DEFINITION_FORMATION('','',#7);
#7 = PRODUCT('Open CASCADE STEP translator 7.8 1',
  'Open CASCADE STEP translator 7.8 1','',(#8));
#8 = PRODUCT_CONTEXT('',#2,'mechanical');
#9 = PRODUCT_DEFINITION_CONTEXT('part definition',#2,'design');
#10 = SHAPE_REPRESENTATION('',(#11,#15,#165,#495,#995,#1145,#1475,#1805,
    #2135,#2188,#2241,#2294,#2386,#2439,#2492,#2545,#2598,#2651,#2743,
    #2796,#2849,#2902,#2955,#3008,#3100,#3153,#3206,#3259,#3312,#3365,
    #3457,#3510,#3563,#3616,#3669,#3722,#3872,#4022,#4172,#4322,#4472,
    #4622,#4772,#4922,#5072),#5222);
#11 = AXIS2_PLACEMENT_3D('',#12,#13,#14);
#12 = CARTESIAN_POINT('',(0.,0.,0.));
#13 = DIRECTION('',(0.,0.,1.));
#14 = DIRECTION('',(1.,0.,-0.));
#15 = MANIFOLD_SOLID_BREP('',#16);
#16 = CLOSED_SHELL('',(#17,#57,#97,#119,#141,#153));
#17 = ADVANCED_FACE('',(#18),#52,.F.);
#18 = FACE_BOUND('',#19,.F.);
#19 = EDGE_LOOP('',(#20,#30,#38,#46));
#20 = ORIENTED_EDGE('',*,*,#21,.F.);
#21 = EDGE_CURVE('',#22,#24,#26,.T.);
#22 = VERTEX_POINT('',#23);
#23 = CARTESIAN_POINT('',(350.,-650.,80.));
#24 = VERTEX_POINT('',#25);
#25 = CARTESIAN_POINT('',(350.,-650.,115.));
#26 = LINE('',#27,#28);
#27 = CARTESIAN_POINT('',(350.,-650.,80.));
#28 = VECTOR('',#29,1.);
#29 = DIRECTION('',(0.,0.,1.));
#30 = ORIENTED_EDGE('',*,*,#31,.T.);
#31 = EDGE_CURVE('',#22,#32,#34,.T.);
#32 = VERTEX_POINT('',#33);
#33 = CARTESIAN_POINT('',(350.,650.,80.));
#34 = LINE('',#35,#36);
#35 = CARTESIAN_POINT('',(350.,-650.,80.));
#36 = VECTOR('',#37,1.);
#37 = DIRECTION('',(0.,1.,0.));
#38 = ORIENTED_EDGE('',*,*,#39,.T.);
#39 = EDGE_CURVE('',#32,#40,#42,.T.);
#40 = VERTEX_POINT('',#41);
#41 = CARTESIAN_POINT('',(350.,650.,115.));
#42 = LINE('',#43,#44);
#43 = CARTESIAN_POINT('',(350.,650.,80.));
#44 = VECTOR('',#45,1.);
#45 = DIRECTION('',(0.,0.,1.));
#46 = ORIENTED_EDGE('',*,*,#47,.F.);
#47 = EDGE_CURVE('',#24,#40,#48,.T.);
#48 = LINE('',#49,#50);
#49 = CARTESIAN_POINT('',(350.,-650.,115.));
#50 = VECTOR('',#51,1.);
#51 = DIRECTION('',(0.,1.,0.));
#52 = PLANE('',#53);
#53 = AXIS2_PLACEMENT_3D('',#54,#55,#56);
#54 = CARTESIAN_POINT('',(350.,-650.,80.));
#55 = DIRECTION('',(1.,0.,0.));
#56 = DIRECTION('',(0.,0.,1.));
#57 = ADVANCED_FACE('',(#58),#92,.T.);
#58 = FACE_BOUND('',#59,.T.);
#59 = EDGE_LOOP('',(#60,#70,#78,#86));
#60 = ORIENTED_EDGE('',*,*,#61,.F.);
#61 = EDGE_CURVE('',#62,#64,#66,.T.);
#62 = VERTEX_POINT('',#63);
#63 = CARTESIAN_POINT('',(4.2E+03,-650.,80.));
#64 = VERTEX_POINT('',#65);
#65 = CARTESIAN_POINT('',(4.2E+03,-650.,115.));
#66 = LINE('',#67,#68);
#67 = CARTESIAN_POINT('',(4.2E+03,-650.,80.));
#68 = VECTOR('',#69,1.);
#69 = DIRECTION('',(0.,0.,1.));
#70 = ORIENTED_EDGE('',*,*,#71,.T.);
#71 = EDGE_CURVE('',#62,#72,#74,.T.);
#72 = VERTEX_POINT('',#73);
#73 = CARTESIAN_POINT('',(4.2E+03,650.,80.));
#74 = LINE('',#75,#76);
#75 = CARTESIAN_POINT('',(4.2E+03,-650.,80.));
#76 = VECTOR('',#77,1.);
#77 = DIRECTION('',(0.,1.,0.));
#78 = ORIENTED_EDGE('',*,*,#79,.T.);
#79 = EDGE_CURVE('',#72,#80,#82,.T.);
#80 = VERTEX_POINT('',#81);
#81 = CARTESIAN_POINT('',(4.2E+03,650.,115.));
#82 = LINE('',#83,#84);
#83 = CARTESIAN_POINT('',(4.2E+03,650.,80.));
#84 = VECTOR('',#85,1.);
#85 = DIRECTION('',(0.,0.,1.));
#86 = ORIENTED_EDGE('',*,*,#87,.F.);
#87 = EDGE_CURVE('',#64,#80,#88,.T.);
#88 = LINE('',#89,#90);
#89 = CARTESIAN_POINT('',(4.2E+03,-650.,115.));
#90 = VECTOR('',#91,1.);
#91 = DIRECTION('',(0.,1.,0.));
#92 = PLANE('',#93);
#93 = AXIS2_PLACEMENT_3D('',#94,#95,#96);
#94 = CARTESIAN_POINT('',(4.2E+03,-650.,80.));
#95 = DIRECTION('',(1.,0.,0.));
#96 = DIRECTION('',(0.,0.,1.));
#97 = ADVANCED_FACE('',(#98),#114,.F.);
#98 = FACE_BOUND('',#99,.F.);
#99 = EDGE_LOOP('',(#100,#106,#107,#113));
#100 = ORIENTED_EDGE('',*,*,#101,.F.);
#101 = EDGE_CURVE('',#22,#62,#102,.T.);
#102 = LINE('',#103,#104);
#103 = CARTESIAN_POINT('',(350.,-650.,80.));
#104 = VECTOR('',#105,1.);
#105 = DIRECTION('',(1.,0.,0.));
#106 = ORIENTED_EDGE('',*,*,#21,.T.);
#107 = ORIENTED_EDGE('',*,*,#108,.T.);
#108 = EDGE_CURVE('',#24,#64,#109,.T.);
#109 = LINE('',#110,#111);
#110 = CARTESIAN_POINT('',(350.,-650.,115.));
#111 = VECTOR('',#112,1.);
#112 = DIRECTION('',(1.,0.,0.));
#113 = ORIENTED_EDGE('',*,*,#61,.F.);
#114 = PLANE('',#115);
#115 = AXIS2_PLACEMENT_3D('',#116,#117,#118);
#116 = CARTESIAN_POINT('',(350.,-650.,80.));
#117 = DIRECTION('',(0.,1.,0.));
#118 = DIRECTION('',(0.,0.,1.));
#119 = ADVANCED_FACE('',(#120),#136,.T.);
#120 = FACE_BOUND('',#121,.T.);
#121 = EDGE_LOOP('',(#122,#128,#129,#135));
#122 = ORIENTED_EDGE('',*,*,#123,.F.);
#123 = EDGE_CURVE('',#32,#72,#124,.T.);
#124 = LINE('',#125,#126);
#125 = CARTESIAN_POINT('',(350.,650.,80.));
#126 = VECTOR('',#127,1.);
#127 = DIRECTION('',(1.,0.,0.));
#128 = ORIENTED_EDGE('',*,*,#39,.T.);
#129 = ORIENTED_EDGE('',*,*,#130,.T.);
#130 = EDGE_CURVE('',#40,#80,#131,.T.);
#131 = LINE('',#132,#133);
#132 = CARTESIAN_POINT('',(350.,650.,115.));
#133 = VECTOR('',#134,1.);
#134 = DIRECTION('',(1.,0.,0.));
#135 = ORIENTED_EDGE('',*,*,#79,.F.);
#136 = PLANE('',#137);
#137 = AXIS2_PLACEMENT_3D('',#138,#139,#140);
#138 = CARTESIAN_POINT('',(350.,650.,80.));
#139 = DIRECTION('',(0.,1.,0.));
#140 = DIRECTION('',(0.,0.,1.));
#141 = ADVANCED_FACE('',(#142),#148,.F.);
#142 = FACE_BOUND('',#143,.F.);
#143 = EDGE_LOOP('',(#144,#145,#146,#147));
#144 = ORIENTED_EDGE('',*,*,#31,.F.);
#145 = ORIENTED_EDGE('',*,*,#101,.T.);
#146 = ORIENTED_EDGE('',*,*,#71,.T.);
#147 = ORIENTED_EDGE('',*,*,#123,.F.);
#148 = PLANE('',#149);
#149 = AXIS2_PLACEMENT_3D('',#150,#151,#152);
#150 = CARTESIAN_POINT('',(350.,-650.,80.));
#151 = DIRECTION('',(0.,0.,1.));
#152 = DIRECTION('',(1.,0.,0.));
#153 = ADVANCED_FACE('',(#154),#160,.T.);
#154 = FACE_BOUND('',#155,.T.);
#155 = EDGE_LOOP('',(#156,#157,#158,#159));
#156 = ORIENTED_EDGE('',*,*,#47,.F.);
#157 = ORIENTED_EDGE('',*,*,#108,.T.);
#158 = ORIENTED_EDGE('',*,*,#87,.T.);
#159 = ORIENTED_EDGE('',*,*,#130,.F.);
#160 = PLANE('',#161);
#161 = AXIS2_PLACEMENT_3D('',#162,#163,#164);
#162 = CARTESIAN_POINT('',(350.,-650.,115.));
#163 = DIRECTION('',(0.,0.,1.));
#164 = DIRECTION('',(1.,0.,0.));
#165 = MANIFOLD_SOLID_BREP('',#166);
#166 = CLOSED_SHELL('',(#167,#205,#235,#265,#287,#316,#339,#362,#379,
    #408,#431,#454,#471,#483));
#167 = ADVANCED_FACE('',(#168),#200,.T.);
#168 = FACE_BOUND('',#169,.T.);
#169 = EDGE_LOOP('',(#170,#180,#187,#195));
#170 = ORIENTED_EDGE('',*,*,#171,.T.);
#171 = EDGE_CURVE('',#172,#174,#176,.T.);
#172 = VERTEX_POINT('',#173);
#173 = CARTESIAN_POINT('',(160.,-75.,200.));
#174 = VERTEX_POINT('',#175);
#175 = CARTESIAN_POINT('',(160.,75.,200.));
#176 = LINE('',#177,#178);
#177 = CARTESIAN_POINT('',(160.,-75.,200.));
#178 = VECTOR('',#179,1.);
#179 = DIRECTION('',(0.,1.,0.));
#180 = ORIENTED_EDGE('',*,*,#181,.T.);
#181 = EDGE_CURVE('',#174,#182,#184,.T.);
#182 = VERTEX_POINT('',#183);
#183 = CARTESIAN_POINT('',(800.,125.,230.));
#184 = B_SPLINE_CURVE_WITH_KNOTS('',1,(#185,#186),.UNSPECIFIED.,.F.,.F.,
  (2,2),(0.,1.),.PIECEWISE_BEZIER_KNOTS.);
#185 = CARTESIAN_POINT('',(160.,75.,200.));
#186 = CARTESIAN_POINT('',(800.,125.,230.));
#187 = ORIENTED_EDGE('',*,*,#188,.F.);
#188 = EDGE_CURVE('',#189,#182,#191,.T.);
#189 = VERTEX_POINT('',#190);
#190 = CARTESIAN_POINT('',(800.,-125.,230.));
#191 = LINE('',#192,#193);
#192 = CARTESIAN_POINT('',(800.,-125.,230.));
#193 = VECTOR('',#194,1.);
#194 = DIRECTION('',(0.,1.,0.));
#195 = ORIENTED_EDGE('',*,*,#196,.F.);
#196 = EDGE_CURVE('',#172,#189,#197,.T.);
#197 = B_SPLINE_CURVE_WITH_KNOTS('',1,(#198,#199),.UNSPECIFIED.,.F.,.F.,
  (2,2),(0.,1.),.PIECEWISE_BEZIER_KNOTS.);
#198 = CARTESIAN_POINT('',(160.,-75.,200.));
#199 = CARTESIAN_POINT('',(800.,-125.,230.));
#200 = B_SPLINE_SURFACE_WITH_KNOTS('',1,1,(
    (#201,#202)
    ,(#203,#204
    )),.UNSPECIFIED.,.F.,.F.,.F.,(2,2),(2,2),(0.,250.),(0.,1.),
  .PIECEWISE_BEZIER_KNOTS.);
#201 = CARTESIAN_POINT('',(160.,-75.,200.));
#202 = CARTESIAN_POINT('',(800.,-125.,230.));
#203 = CARTESIAN_POINT('',(160.,75.,200.));
#204 = CARTESIAN_POINT('',(800.,125.,230.));
#205 = ADVANCED_FACE('',(#206),#230,.T.);
#206 = FACE_BOUND('',#207,.T.);
#207 = EDGE_LOOP('',(#208,#216,#223,#229));
#208 = ORIENTED_EDGE('',*,*,#209,.T.);
#209 = EDGE_CURVE('',#174,#210,#212,.T.);
#210 = VERTEX_POINT('',#211);
#211 = CARTESIAN_POINT('',(160.,75.,260.));
#212 = LINE('',#213,#214);
#213 = CARTESIAN_POINT('',(160.,75.,200.));
#214 = VECTOR('',#215,1.);
#215 = DIRECTION('',(0.,0.,1.));
#216 = ORIENTED_EDGE('',*,*,#217,.T.);
#217 = EDGE_CURVE('',#210,#218,#220,.T.);
#218 = VERTEX_POINT('',#219);
#219 = CARTESIAN_POINT('',(800.,125.,360.));
#220 = B_SPLINE_CURVE_WITH_KNOTS('',1,(#221,#222),.UNSPECIFIED.,.F.,.F.,
  (2,2),(0.,1.),.PIECEWISE_BEZIER_KNOTS.);
#221 = CARTESIAN_POINT('',(160.,75.,260.));
#222 = CARTESIAN_POINT('',(800.,125.,360.));
#223 = ORIENTED_EDGE('',*,*,#224,.F.);
#224 = EDGE_CURVE('',#182,#218,#225,.T.);
#225 = LINE('',#226,#227);
#226 = CARTESIAN_POINT('',(800.,125.,230.));
#227 = VECTOR('',#228,1.);
#228 = DIRECTION('',(0.,0.,1.));
#229 = ORIENTED_EDGE('',*,*,#181,.F.);
#230 = B_SPLINE_SURFACE_WITH_KNOTS('',1,1,(
    (#231,#232)
    ,(#233,#234
    )),.UNSPECIFIED.,.F.,.F.,.F.,(2,2),(2,2),(0.,130.),(0.,1.),
  .PIECEWISE_BEZIER_KNOTS.);
#231 = CARTESIAN_POINT('',(160.,75.,200.));
#232 = CARTESIAN_POINT('',(800.,125.,230.));
#233 = CARTESIAN_POINT('',(160.,75.,260.));
#234 = CARTESIAN_POINT('',(800.,125.,360.));
#235 = ADVANCED_FACE('',(#236),#260,.T.);
#236 = FACE_BOUND('',#237,.T.);
#237 = EDGE_LOOP('',(#238,#246,#253,#259));
#238 = ORIENTED_EDGE('',*,*,#239,.T.);
#239 = EDGE_CURVE('',#210,#240,#242,.T.);
#240 = VERTEX_POINT('',#241);
#241 = CARTESIAN_POINT('',(160.,-75.,260.));
#242 = LINE('',#243,#244);
#243 = CARTESIAN_POINT('',(160.,75.,260.));
#244 = VECTOR('',#245,1.);
#245 = DIRECTION('',(0.,-1.,0.));
#246 = ORIENTED_EDGE('',*,*,#247,.T.);
#247 = EDGE_CURVE('',#240,#248,#250,.T.);
#248 = VERTEX_POINT('',#249);
#249 = CARTESIAN_POINT('',(800.,-125.,360.));
#250 = B_SPLINE_CURVE_WITH_KNOTS('',1,(#251,#252),.UNSPECIFIED.,.F.,.F.,
  (2,2),(0.,1.),.PIECEWISE_BEZIER_KNOTS.);
#251 = CARTESIAN_POINT('',(160.,-75.,260.));
#252 = CARTESIAN_POINT('',(800.,-125.,360.));
#253 = ORIENTED_EDGE('',*,*,#254,.F.);
#254 = EDGE_CURVE('',#218,#248,#255,.T.);
#255 = LINE('',#256,#257);
#256 = CARTESIAN_POINT('',(800.,125.,360.));
#257 = VECTOR('',#258,1.);
#258 = DIRECTION('',(0.,-1.,0.));
#259 = ORIENTED_EDGE('',*,*,#217,.F.);
#260 = B_SPLINE_SURFACE_WITH_KNOTS('',1,1,(
    (#261,#262)
    ,(#263,#264
    )),.UNSPECIFIED.,.F.,.F.,.F.,(2,2),(2,2),(0.,250.),(0.,1.),
  .PIECEWISE_BEZIER_KNOTS.);
#261 = CARTESIAN_POINT('',(160.,75.,260.));
#262 = CARTESIAN_POINT('',(800.,125.,360.));
#263 = CARTESIAN_POINT('',(160.,-75.,260.));
#264 = CARTESIAN_POINT('',(800.,-125.,360.));
#265 = ADVANCED_FACE('',(#266),#282,.T.);
#266 = FACE_BOUND('',#267,.T.);
#267 = EDGE_LOOP('',(#268,#274,#275,#281));
#268 = ORIENTED_EDGE('',*,*,#269,.T.);
#269 = EDGE_CURVE('',#240,#172,#270,.T.);
#270 = LINE('',#271,#272);
#271 = CARTESIAN_POINT('',(160.,-75.,260.));
#272 = VECTOR('',#273,1.);
#273 = DIRECTION('',(0.,0.,-1.));
#274 = ORIENTED_EDGE('',*,*,#196,.T.);
#275 = ORIENTED_EDGE('',*,*,#276,.F.);
#276 = EDGE_CURVE('',#248,#189,#277,.T.);
#277 = LINE('',#278,#279);
#278 = CARTESIAN_POINT('',(800.,-125.,360.));
#279 = VECTOR('',#280,1.);
#280 = DIRECTION('',(0.,0.,-1.));
#281 = ORIENTED_EDGE('',*,*,#247,.F.);
#282 = B_SPLINE_SURFACE_WITH_KNOTS('',1,1,(
    (#283,#284)
    ,(#285,#286
    )),.UNSPECIFIED.,.F.,.F.,.F.,(2,2),(2,2),(0.,130.),(0.,1.),
  .PIECEWISE_BEZIER_KNOTS.);
#283 = CARTESIAN_POINT('',(160.,-75.,260.));
#284 = CARTESIAN_POINT('',(800.,-125.,360.));
#285 = CARTESIAN_POINT('',(160.,-75.,200.));
#286 = CARTESIAN_POINT('',(800.,-125.,230.));
#287 = ADVANCED_FACE('',(#288),#311,.T.);
#288 = FACE_BOUND('',#289,.T.);
#289 = EDGE_LOOP('',(#290,#291,#298,#306));
#290 = ORIENTED_EDGE('',*,*,#188,.T.);
#291 = ORIENTED_EDGE('',*,*,#292,.T.);
#292 = EDGE_CURVE('',#182,#293,#295,.T.);
#293 = VERTEX_POINT('',#294);
#294 = CARTESIAN_POINT('',(1.45E+03,240.,190.));
#295 = B_SPLINE_CURVE_WITH_KNOTS('',1,(#296,#297),.UNSPECIFIED.,.F.,.F.,
  (2,2),(0.,1.),.PIECEWISE_BEZIER_KNOTS.);
#296 = CARTESIAN_POINT('',(800.,125.,230.));
#297 = CARTESIAN_POINT('',(1.45E+03,240.,190.));
#298 = ORIENTED_EDGE('',*,*,#299,.F.);
#299 = EDGE_CURVE('',#300,#293,#302,.T.);
#300 = VERTEX_POINT('',#301);
#301 = CARTESIAN_POINT('',(1.45E+03,-240.,190.));
#302 = LINE('',#303,#304);
#303 = CARTESIAN_POINT('',(1.45E+03,-240.,190.));
#304 = VECTOR('',#305,1.);
#305 = DIRECTION('',(0.,1.,0.));
#306 = ORIENTED_EDGE('',*,*,#307,.F.);
#307 = EDGE_CURVE('',#189,#300,#308,.T.);
#308 = B_SPLINE_CURVE_WITH_KNOTS('',1,(#309,#310),.UNSPECIFIED.,.F.,.F.,
  (2,2),(0.,1.),.PIECEWISE_BEZIER_KNOTS.);
#309 = CARTESIAN_POINT('',(800.,-125.,230.));
#310 = CARTESIAN_POINT('',(1.45E+03,-240.,190.));
#311 = B_SPLINE_SURFACE_WITH_KNOTS('',1,1,(
    (#312,#313)
    ,(#314,#315
    )),.UNSPECIFIED.,.F.,.F.,.F.,(2,2),(2,2),(0.,480.),(0.,1.),
  .PIECEWISE_BEZIER_KNOTS.);
#312 = CARTESIAN_POINT('',(800.,-125.,230.));
#313 = CARTESIAN_POINT('',(1.45E+03,-240.,190.));
#314 = CARTESIAN_POINT('',(800.,125.,230.));
#315 = CARTESIAN_POINT('',(1.45E+03,240.,190.));
#316 = ADVANCED_FACE('',(#317),#334,.T.);
#317 = FACE_BOUND('',#318,.T.);
#318 = EDGE_LOOP('',(#319,#320,#327,#333));
#319 = ORIENTED_EDGE('',*,*,#224,.T.);
#320 = ORIENTED_EDGE('',*,*,#321,.T.);
#321 = EDGE_CURVE('',#218,#322,#324,.T.);
#322 = VERTEX_POINT('',#323);
#323 = CARTESIAN_POINT('',(1.45E+03,240.,500.));
#324 = B_SPLINE_CURVE_WITH_KNOTS('',1,(#325,#326),.UNSPECIFIED.,.F.,.F.,
  (2,2),(0.,1.),.PIECEWISE_BEZIER_KNOTS.);
#325 = CARTESIAN_POINT('',(800.,125.,360.));
#326 = CARTESIAN_POINT('',(1.45E+03,240.,500.));
#327 = ORIENTED_EDGE('',*,*,#328,.F.);
#328 = EDGE_CURVE('',#293,#322,#329,.T.);
#329 = LINE('',#330,#331);
#330 = CARTESIAN_POINT('',(1.45E+03,240.,190.));
#331 = VECTOR('',#332,1.);
#332 = DIRECTION('',(0.,0.,1.));
#333 = ORIENTED_EDGE('',*,*,#292,.F.);
#334 = B_SPLINE_SURFACE_WITH_KNOTS('',1,1,(
    (#335,#336)
    ,(#337,#338
    )),.UNSPECIFIED.,.F.,.F.,.F.,(2,2),(2,2),(0.,310.),(0.,1.),
  .PIECEWISE_BEZIER_KNOTS.);
#335 = CARTESIAN_POINT('',(800.,125.,230.));
#336 = CARTESIAN_POINT('',(1.45E+03,240.,190.));
#337 = CARTESIAN_POINT('',(800.,125.,360.));
#338 = CARTESIAN_POINT('',(1.45E+03,240.,500.));
#339 = ADVANCED_FACE('',(#340),#357,.T.);
#340 = FACE_BOUND('',#341,.T.);
#341 = EDGE_LOOP('',(#342,#343,#350,#356));
#342 = ORIENTED_EDGE('',*,*,#254,.T.);
#343 = ORIENTED_EDGE('',*,*,#344,.T.);
#344 = EDGE_CURVE('',#248,#345,#347,.T.);
#345 = VERTEX_POINT('',#346);
#346 = CARTESIAN_POINT('',(1.45E+03,-240.,500.));
#347 = B_SPLINE_CURVE_WITH_KNOTS('',1,(#348,#349),.UNSPECIFIED.,.F.,.F.,
  (2,2),(0.,1.),.PIECEWISE_BEZIER_KNOTS.);
#348 = CARTESIAN_POINT('',(800.,-125.,360.));
#349 = CARTESIAN_POINT('',(1.45E+03,-240.,500.));
#350 = ORIENTED_EDGE('',*,*,#351,.F.);
#351 = EDGE_CURVE('',#322,#345,#352,.T.);
#352 = LINE('',#353,#354);
#353 = CARTESIAN_POINT('',(1.45E+03,240.,500.));
#354 = VECTOR('',#355,1.);
#355 = DIRECTION('',(0.,-1.,0.));
#356 = ORIENTED_EDGE('',*,*,#321,.F.);
#357 = B_SPLINE_SURFACE_WITH_KNOTS('',1,1,(
    (#358,#359)
    ,(#360,#361
    )),.UNSPECIFIED.,.F.,.F.,.F.,(2,2),(2,2),(0.,480.),(0.,1.),
  .PIECEWISE_BEZIER_KNOTS.);
#358 = CARTESIAN_POINT('',(800.,125.,360.));
#359 = CARTESIAN_POINT('',(1.45E+03,240.,500.));
#360 = CARTESIAN_POINT('',(800.,-125.,360.));
#361 = CARTESIAN_POINT('',(1.45E+03,-240.,500.));
#362 = ADVANCED_FACE('',(#363),#374,.T.);
#363 = FACE_BOUND('',#364,.T.);
#364 = EDGE_LOOP('',(#365,#366,#367,#373));
#365 = ORIENTED_EDGE('',*,*,#276,.T.);
#366 = ORIENTED_EDGE('',*,*,#307,.T.);
#367 = ORIENTED_EDGE('',*,*,#368,.F.);
#368 = EDGE_CURVE('',#345,#300,#369,.T.);
#369 = LINE('',#370,#371);
#370 = CARTESIAN_POINT('',(1.45E+03,-240.,500.));
#371 = VECTOR('',#372,1.);
#372 = DIRECTION('',(0.,0.,-1.));
#373 = ORIENTED_EDGE('',*,*,#344,.F.);
#374 = B_SPLINE_SURFACE_WITH_KNOTS('',1,1,(
    (#375,#376)
    ,(#377,#378
    )),.UNSPECIFIED.,.F.,.F.,.F.,(2,2),(2,2),(0.,310.),(0.,1.),
  .PIECEWISE_BEZIER_KNOTS.);
#375 = CARTESIAN_POINT('',(800.,-125.,360.));
#376 = CARTESIAN_POINT('',(1.45E+03,-240.,500.));
#377 = CARTESIAN_POINT('',(800.,-125.,230.));
#378 = CARTESIAN_POINT('',(1.45E+03,-240.,190.));
#379 = ADVANCED_FACE('',(#380),#403,.T.);
#380 = FACE_BOUND('',#381,.T.);
#381 = EDGE_LOOP('',(#382,#383,#390,#398));
#382 = ORIENTED_EDGE('',*,*,#299,.T.);
#383 = ORIENTED_EDGE('',*,*,#384,.T.);
#384 = EDGE_CURVE('',#293,#385,#387,.T.);
#385 = VERTEX_POINT('',#386);
#386 = CARTESIAN_POINT('',(1.8E+03,285.,160.));
#387 = B_SPLINE_CURVE_WITH_KNOTS('',1,(#388,#389),.UNSPECIFIED.,.F.,.F.,
  (2,2),(0.,1.),.PIECEWISE_BEZIER_KNOTS.);
#388 = CARTESIAN_POINT('',(1.45E+03,240.,190.));
#389 = CARTESIAN_POINT('',(1.8E+03,285.,160.));
#390 = ORIENTED_EDGE('',*,*,#391,.F.);
#391 = EDGE_CURVE('',#392,#385,#394,.T.);
#392 = VERTEX_POINT('',#393);
#393 = CARTESIAN_POINT('',(1.8E+03,-285.,160.));
#394 = LINE('',#395,#396);
#395 = CARTESIAN_POINT('',(1.8E+03,-285.,160.));
#396 = VECTOR('',#397,1.);
#397 = DIRECTION('',(0.,1.,0.));
#398 = ORIENTED_EDGE('',*,*,#399,.F.);
#399 = EDGE_CURVE('',#300,#392,#400,.T.);
#400 = B_SPLINE_CURVE_WITH_KNOTS('',1,(#401,#402),.UNSPECIFIED.,.F.,.F.,
  (2,2),(0.,1.),.PIECEWISE_BEZIER_KNOTS.);
#401 = CARTESIAN_POINT('',(1.45E+03,-240.,190.));
#402 = CARTESIAN_POINT('',(1.8E+03,-285.,160.));
#403 = B_SPLINE_SURFACE_WITH_KNOTS('',1,1,(
    (#404,#405)
    ,(#406,#407
    )),.UNSPECIFIED.,.F.,.F.,.F.,(2,2),(2,2),(0.,570.),(0.,1.),
  .PIECEWISE_BEZIER_KNOTS.);
#404 = CARTESIAN_POINT('',(1.45E+03,-240.,190.));
#405 = CARTESIAN_POINT('',(1.8E+03,-285.,160.));
#406 = CARTESIAN_POINT('',(1.45E+03,240.,190.));
#407 = CARTESIAN_POINT('',(1.8E+03,285.,160.));
#408 = ADVANCED_FACE('',(#409),#426,.T.);
#409 = FACE_BOUND('',#410,.T.);
#410 = EDGE_LOOP('',(#411,#412,#419,#425));
#411 = ORIENTED_EDGE('',*,*,#328,.T.);
#412 = ORIENTED_EDGE('',*,*,#413,.T.);
#413 = EDGE_CURVE('',#322,#414,#416,.T.);
#414 = VERTEX_POINT('',#415);
#415 = CARTESIAN_POINT('',(1.8E+03,285.,570.));
#416 = B_SPLINE_CURVE_WITH_KNOTS('',1,(#417,#418),.UNSPECIFIED.,.F.,.F.,
  (2,2),(0.,1.),.PIECEWISE_BEZIER_KNOTS.);
#417 = CARTESIAN_POINT('',(1.45E+03,240.,500.));
#418 = CARTESIAN_POINT('',(1.8E+03,285.,570.));
#419 = ORIENTED_EDGE('',*,*,#420,.F.);
#420 = EDGE_CURVE('',#385,#414,#421,.T.);
#421 = LINE('',#422,#423);
#422 = CARTESIAN_POINT('',(1.8E+03,285.,160.));
#423 = VECTOR('',#424,1.);
#424 = DIRECTION('',(0.,0.,1.));
#425 = ORIENTED_EDGE('',*,*,#384,.F.);
#426 = B_SPLINE_SURFACE_WITH_KNOTS('',1,1,(
    (#427,#428)
    ,(#429,#430
    )),.UNSPECIFIED.,.F.,.F.,.F.,(2,2),(2,2),(0.,410.),(0.,1.),
  .PIECEWISE_BEZIER_KNOTS.);
#427 = CARTESIAN_POINT('',(1.45E+03,240.,190.));
#428 = CARTESIAN_POINT('',(1.8E+03,285.,160.));
#429 = CARTESIAN_POINT('',(1.45E+03,240.,500.));
#430 = CARTESIAN_POINT('',(1.8E+03,285.,570.));
#431 = ADVANCED_FACE('',(#432),#449,.T.);
#432 = FACE_BOUND('',#433,.T.);
#433 = EDGE_LOOP('',(#434,#435,#442,#448));
#434 = ORIENTED_EDGE('',*,*,#351,.T.);
#435 = ORIENTED_EDGE('',*,*,#436,.T.);
#436 = EDGE_CURVE('',#345,#437,#439,.T.);
#437 = VERTEX_POINT('',#438);
#438 = CARTESIAN_POINT('',(1.8E+03,-285.,570.));
#439 = B_SPLINE_CURVE_WITH_KNOTS('',1,(#440,#441),.UNSPECIFIED.,.F.,.F.,
  (2,2),(0.,1.),.PIECEWISE_BEZIER_KNOTS.);
#440 = CARTESIAN_POINT('',(1.45E+03,-240.,500.));
#441 = CARTESIAN_POINT('',(1.8E+03,-285.,570.));
#442 = ORIENTED_EDGE('',*,*,#443,.F.);
#443 = EDGE_CURVE('',#414,#437,#444,.T.);
#444 = LINE('',#445,#446);
#445 = CARTESIAN_POINT('',(1.8E+03,285.,570.));
#446 = VECTOR('',#447,1.);
#447 = DIRECTION('',(0.,-1.,0.));
#448 = ORIENTED_EDGE('',*,*,#413,.F.);
#449 = B_SPLINE_SURFACE_WITH_KNOTS('',1,1,(
    (#450,#451)
    ,(#452,#453
    )),.UNSPECIFIED.,.F.,.F.,.F.,(2,2),(2,2),(0.,570.),(0.,1.),
  .PIECEWISE_BEZIER_KNOTS.);
#450 = CARTESIAN_POINT('',(1.45E+03,240.,500.));
#451 = CARTESIAN_POINT('',(1.8E+03,285.,570.));
#452 = CARTESIAN_POINT('',(1.45E+03,-240.,500.));
#453 = CARTESIAN_POINT('',(1.8E+03,-285.,570.));
#454 = ADVANCED_FACE('',(#455),#466,.T.);
#455 = FACE_BOUND('',#456,.T.);
#456 = EDGE_LOOP('',(#457,#458,#459,#465));
#457 = ORIENTED_EDGE('',*,*,#368,.T.);
#458 = ORIENTED_EDGE('',*,*,#399,.T.);
#459 = ORIENTED_EDGE('',*,*,#460,.F.);
#460 = EDGE_CURVE('',#437,#392,#461,.T.);
#461 = LINE('',#462,#463);
#462 = CARTESIAN_POINT('',(1.8E+03,-285.,570.));
#463 = VECTOR('',#464,1.);
#464 = DIRECTION('',(0.,0.,-1.));
#465 = ORIENTED_EDGE('',*,*,#436,.F.);
#466 = B_SPLINE_SURFACE_WITH_KNOTS('',1,1,(
    (#467,#468)
    ,(#469,#470
    )),.UNSPECIFIED.,.F.,.F.,.F.,(2,2),(2,2),(0.,410.),(0.,1.),
  .PIECEWISE_BEZIER_KNOTS.);
#467 = CARTESIAN_POINT('',(1.45E+03,-240.,500.));
#468 = CARTESIAN_POINT('',(1.8E+03,-285.,570.));
#469 = CARTESIAN_POINT('',(1.45E+03,-240.,190.));
#470 = CARTESIAN_POINT('',(1.8E+03,-285.,160.));
#471 = ADVANCED_FACE('',(#472),#478,.T.);
#472 = FACE_BOUND('',#473,.F.);
#473 = EDGE_LOOP('',(#474,#475,#476,#477));
#474 = ORIENTED_EDGE('',*,*,#171,.T.);
#475 = ORIENTED_EDGE('',*,*,#209,.T.);
#476 = ORIENTED_EDGE('',*,*,#239,.T.);
#477 = ORIENTED_EDGE('',*,*,#269,.T.);
#478 = PLANE('',#479);
#479 = AXIS2_PLACEMENT_3D('',#480,#481,#482);
#480 = CARTESIAN_POINT('',(160.,-75.,200.));
#481 = DIRECTION('',(-1.,0.,0.));
#482 = DIRECTION('',(0.,0.928476690885,0.371390676354));
#483 = ADVANCED_FACE('',(#484),#490,.F.);
#484 = FACE_BOUND('',#485,.T.);
#485 = EDGE_LOOP('',(#486,#487,#488,#489));
#486 = ORIENTED_EDGE('',*,*,#391,.T.);
#487 = ORIENTED_EDGE('',*,*,#420,.T.);
#488 = ORIENTED_EDGE('',*,*,#443,.T.);
#489 = ORIENTED_EDGE('',*,*,#460,.T.);
#490 = PLANE('',#491);
#491 = AXIS2_PLACEMENT_3D('',#492,#493,#494);
#492 = CARTESIAN_POINT('',(1.8E+03,-285.,160.));
#493 = DIRECTION('',(-1.,0.,0.));
#494 = DIRECTION('',(0.,0.811804390952,0.583929474193));
#495 = MANIFOLD_SOLID_BREP('',#496);
#496 = CLOSED_SHELL('',(#497,#535,#566,#589,#618,#641,#658,#681,#710,
    #733,#782,#805,#829,#845,#885,#917,#941,#966,#983));
#497 = ADVANCED_FACE('',(#498),#530,.T.);
#498 = FACE_BOUND('',#499,.T.);
#499 = EDGE_LOOP('',(#500,#510,#517,#525));
#500 = ORIENTED_EDGE('',*,*,#501,.T.);
#501 = EDGE_CURVE('',#502,#504,#506,.T.);
#502 = VERTEX_POINT('',#503);
#503 = CARTESIAN_POINT('',(1.45E+03,-240.,140.));
#504 = VERTEX_POINT('',#505);
#505 = CARTESIAN_POINT('',(1.45E+03,240.,140.));
#506 = LINE('',#507,#508);
#507 = CARTESIAN_POINT('',(1.45E+03,-240.,140.));
#508 = VECTOR('',#509,1.);
#509 = DIRECTION('',(0.,1.,0.));
#510 = ORIENTED_EDGE('',*,*,#511,.T.);
#511 = EDGE_CURVE('',#504,#512,#514,.T.);
#512 = VERTEX_POINT('',#513);
#513 = CARTESIAN_POINT('',(1.85E+03,310.,140.));
#514 = B_SPLINE_CURVE_WITH_KNOTS('',1,(#515,#516),.UNSPECIFIED.,.F.,.F.,
  (2,2),(0.,1.),.PIECEWISE_BEZIER_KNOTS.);
#515 = CARTESIAN_POINT('',(1.45E+03,240.,140.));
#516 = CARTESIAN_POINT('',(1.85E+03,310.,140.));
#517 = ORIENTED_EDGE('',*,*,#518,.F.);
#518 = EDGE_CURVE('',#519,#512,#521,.T.);
#519 = VERTEX_POINT('',#520);
#520 = CARTESIAN_POINT('',(1.85E+03,-310.,140.));
#521 = LINE('',#522,#523);
#522 = CARTESIAN_POINT('',(1.85E+03,-310.,140.));
#523 = VECTOR('',#524,1.);
#524 = DIRECTION('',(0.,1.,0.));
#525 = ORIENTED_EDGE('',*,*,#526,.F.);
#526 = EDGE_CURVE('',#502,#519,#527,.T.);
#527 = B_SPLINE_CURVE_WITH_KNOTS('',1,(#528,#529),.UNSPECIFIED.,.F.,.F.,
  (2,2),(0.,1.),.PIECEWISE_BEZIER_KNOTS.);
#528 = CARTESIAN_POINT('',(1.45E+03,-240.,140.));
#529 = CARTESIAN_POINT('',(1.85E+03,-310.,140.));
#530 = B_SPLINE_SURFACE_WITH_KNOTS('',1,1,(
    (#531,#532)
    ,(#533,#534
    )),.UNSPECIFIED.,.F.,.F.,.F.,(2,2),(2,2),(0.,620.),(0.,1.),
  .PIECEWISE_BEZIER_KNOTS.);
#531 = CARTESIAN_POINT('',(1.45E+03,-240.,140.));
#532 = CARTESIAN_POINT('',(1.85E+03,-310.,140.));
#533 = CARTESIAN_POINT('',(1.45E+03,240.,140.));
#534 = CARTESIAN_POINT('',(1.85E+03,310.,140.));
#535 = ADVANCED_FACE('',(#536),#561,.T.);
#536 = FACE_BOUND('',#537,.F.);
#537 = EDGE_LOOP('',(#538,#539,#547,#555));
#538 = ORIENTED_EDGE('',*,*,#501,.T.);
#539 = ORIENTED_EDGE('',*,*,#540,.T.);
#540 = EDGE_CURVE('',#504,#541,#543,.T.);
#541 = VERTEX_POINT('',#542);
#542 = CARTESIAN_POINT('',(1.45E+03,240.,500.));
#543 = LINE('',#544,#545);
#544 = CARTESIAN_POINT('',(1.45E+03,240.,140.));
#545 = VECTOR('',#546,1.);
#546 = DIRECTION('',(0.,0.,1.));
#547 = ORIENTED_EDGE('',*,*,#548,.T.);
#548 = EDGE_CURVE('',#541,#549,#551,.T.);
#549 = VERTEX_POINT('',#550);
#550 = CARTESIAN_POINT('',(1.45E+03,-240.,500.));
#551 = LINE('',#552,#553);
#552 = CARTESIAN_POINT('',(1.45E+03,240.,500.));
#553 = VECTOR('',#554,1.);
#554 = DIRECTION('',(0.,-1.,0.));
#555 = ORIENTED_EDGE('',*,*,#556,.T.);
#556 = EDGE_CURVE('',#549,#502,#557,.T.);
#557 = LINE('',#558,#559);
#558 = CARTESIAN_POINT('',(1.45E+03,-240.,500.));
#559 = VECTOR('',#560,1.);
#560 = DIRECTION('',(0.,0.,-1.));
#561 = PLANE('',#562);
#562 = AXIS2_PLACEMENT_3D('',#563,#564,#565);
#563 = CARTESIAN_POINT('',(1.45E+03,-240.,140.));
#564 = DIRECTION('',(-1.,0.,0.));
#565 = DIRECTION('',(0.,0.8,0.6));
#566 = ADVANCED_FACE('',(#567),#584,.T.);
#567 = FACE_BOUND('',#568,.T.);
#568 = EDGE_LOOP('',(#569,#570,#577,#583));
#569 = ORIENTED_EDGE('',*,*,#540,.T.);
#570 = ORIENTED_EDGE('',*,*,#571,.T.);
#571 = EDGE_CURVE('',#541,#572,#574,.T.);
#572 = VERTEX_POINT('',#573);
#573 = CARTESIAN_POINT('',(1.85E+03,310.,610.));
#574 = B_SPLINE_CURVE_WITH_KNOTS('',1,(#575,#576),.UNSPECIFIED.,.F.,.F.,
  (2,2),(0.,1.),.PIECEWISE_BEZIER_KNOTS.);
#575 = CARTESIAN_POINT('',(1.45E+03,240.,500.));
#576 = CARTESIAN_POINT('',(1.85E+03,310.,610.));
#577 = ORIENTED_EDGE('',*,*,#578,.F.);
#578 = EDGE_CURVE('',#512,#572,#579,.T.);
#579 = LINE('',#580,#581);
#580 = CARTESIAN_POINT('',(1.85E+03,310.,140.));
#581 = VECTOR('',#582,1.);
#582 = DIRECTION('',(0.,0.,1.));
#583 = ORIENTED_EDGE('',*,*,#511,.F.);
#584 = B_SPLINE_SURFACE_WITH_KNOTS('',1,1,(
    (#585,#586)
    ,(#587,#588
    )),.UNSPECIFIED.,.F.,.F.,.F.,(2,2),(2,2),(0.,470.),(0.,1.),
  .PIECEWISE_BEZIER_KNOTS.);
#585 = CARTESIAN_POINT('',(1.45E+03,240.,140.));
#586 = CARTESIAN_POINT('',(1.85E+03,310.,140.));
#587 = CARTESIAN_POINT('',(1.45E+03,240.,500.));
#588 = CARTESIAN_POINT('',(1.85E+03,310.,610.));
#589 = ADVANCED_FACE('',(#590),#613,.T.);
#590 = FACE_BOUND('',#591,.T.);
#591 = EDGE_LOOP('',(#592,#593,#600,#608));
#592 = ORIENTED_EDGE('',*,*,#518,.T.);
#593 = ORIENTED_EDGE('',*,*,#594,.T.);
#594 = EDGE_CURVE('',#512,#595,#597,.T.);
#595 = VERTEX_POINT('',#596);
#596 = CARTESIAN_POINT('',(2.45E+03,310.,140.));
#597 = B_SPLINE_CURVE_WITH_KNOTS('',1,(#598,#599),.UNSPECIFIED.,.F.,.F.,
  (2,2),(0.,1.),.PIECEWISE_BEZIER_KNOTS.);
#598 = CARTESIAN_POINT('',(1.85E+03,310.,140.));
#599 = CARTESIAN_POINT('',(2.45E+03,310.,140.));
#600 = ORIENTED_EDGE('',*,*,#601,.F.);
#601 = EDGE_CURVE('',#602,#595,#604,.T.);
#602 = VERTEX_POINT('',#603);
#603 = CARTESIAN_POINT('',(2.45E+03,-310.,140.));
#604 = LINE('',#605,#606);
#605 = CARTESIAN_POINT('',(2.45E+03,-310.,140.));
#606 = VECTOR('',#607,1.);
#607 = DIRECTION('',(0.,1.,0.));
#608 = ORIENTED_EDGE('',*,*,#609,.F.);
#609 = EDGE_CURVE('',#519,#602,#610,.T.);
#610 = B_SPLINE_CURVE_WITH_KNOTS('',1,(#611,#612),.UNSPECIFIED.,.F.,.F.,
  (2,2),(0.,1.),.PIECEWISE_BEZIER_KNOTS.);
#611 = CARTESIAN_POINT('',(1.85E+03,-310.,140.));
#612 = CARTESIAN_POINT('',(2.45E+03,-310.,140.));
#613 = PLANE('',#614);
#614 = AXIS2_PLACEMENT_3D('',#615,#616,#617);
#615 = CARTESIAN_POINT('',(2.45E+03,-310.,140.));
#616 = DIRECTION('',(0.,0.,-1.));
#617 = DIRECTION('',(0.,1.,0.));
#618 = ADVANCED_FACE('',(#619),#636,.T.);
#619 = FACE_BOUND('',#620,.T.);
#620 = EDGE_LOOP('',(#621,#622,#623,#631));
#621 = ORIENTED_EDGE('',*,*,#556,.T.);
#622 = ORIENTED_EDGE('',*,*,#526,.T.);
#623 = ORIENTED_EDGE('',*,*,#624,.F.);
#624 = EDGE_CURVE('',#625,#519,#627,.T.);
#625 = VERTEX_POINT('',#626);
#626 = CARTESIAN_POINT('',(1.85E+03,-310.,610.));
#627 = LINE('',#628,#629);
#628 = CARTESIAN_POINT('',(1.85E+03,-310.,610.));
#629 = VECTOR('',#630,1.);
#630 = DIRECTION('',(0.,0.,-1.));
#631 = ORIENTED_EDGE('',*,*,#632,.F.);
#632 = EDGE_CURVE('',#549,#625,#633,.T.);
#633 = B_SPLINE_CURVE_WITH_KNOTS('',1,(#634,#635),.UNSPECIFIED.,.F.,.F.,
  (2,2),(0.,1.),.PIECEWISE_BEZIER_KNOTS.);
#634 = CARTESIAN_POINT('',(1.45E+03,-240.,500.));
#635 = CARTESIAN_POINT('',(1.85E+03,-310.,610.));
#636 = B_SPLINE_SURFACE_WITH_KNOTS('',1,1,(
    (#637,#638)
    ,(#639,#640
    )),.UNSPECIFIED.,.F.,.F.,.F.,(2,2),(2,2),(0.,470.),(0.,1.),
  .PIECEWISE_BEZIER_KNOTS.);
#637 = CARTESIAN_POINT('',(1.45E+03,-240.,500.));
#638 = CARTESIAN_POINT('',(1.85E+03,-310.,610.));
#639 = CARTESIAN_POINT('',(1.45E+03,-240.,140.));
#640 = CARTESIAN_POINT('',(1.85E+03,-310.,140.));
#641 = ADVANCED_FACE('',(#642),#653,.T.);
#642 = FACE_BOUND('',#643,.T.);
#643 = EDGE_LOOP('',(#644,#645,#646,#652));
#644 = ORIENTED_EDGE('',*,*,#548,.T.);
#645 = ORIENTED_EDGE('',*,*,#632,.T.);
#646 = ORIENTED_EDGE('',*,*,#647,.F.);
#647 = EDGE_CURVE('',#572,#625,#648,.T.);
#648 = LINE('',#649,#650);
#649 = CARTESIAN_POINT('',(1.85E+03,310.,610.));
#650 = VECTOR('',#651,1.);
#651 = DIRECTION('',(0.,-1.,0.));
#652 = ORIENTED_EDGE('',*,*,#571,.F.);
#653 = B_SPLINE_SURFACE_WITH_KNOTS('',1,1,(
    (#654,#655)
    ,(#656,#657
    )),.UNSPECIFIED.,.F.,.F.,.F.,(2,2),(2,2),(0.,620.),(0.,1.),
  .PIECEWISE_BEZIER_KNOTS.);
#654 = CARTESIAN_POINT('',(1.45E+03,240.,500.));
#655 = CARTESIAN_POINT('',(1.85E+03,310.,610.));
#656 = CARTESIAN_POINT('',(1.45E+03,-240.,500.));
#657 = CARTESIAN_POINT('',(1.85E+03,-310.,610.));
#658 = ADVANCED_FACE('',(#659),#676,.T.);
#659 = FACE_BOUND('',#660,.T.);
#660 = EDGE_LOOP('',(#661,#662,#669,#675));
#661 = ORIENTED_EDGE('',*,*,#578,.T.);
#662 = ORIENTED_EDGE('',*,*,#663,.T.);
#663 = EDGE_CURVE('',#572,#664,#666,.T.);
#664 = VERTEX_POINT('',#665);
#665 = CARTESIAN_POINT('',(2.45E+03,310.,620.));
#666 = B_SPLINE_CURVE_WITH_KNOTS('',1,(#667,#668),.UNSPECIFIED.,.F.,.F.,
  (2,2),(0.,1.),.PIECEWISE_BEZIER_KNOTS.);
#667 = CARTESIAN_POINT('',(1.85E+03,310.,610.));
#668 = CARTESIAN_POINT('',(2.45E+03,310.,620.));
#669 = ORIENTED_EDGE('',*,*,#670,.F.);
#670 = EDGE_CURVE('',#595,#664,#671,.T.);
#671 = LINE('',#672,#673);
#672 = CARTESIAN_POINT('',(2.45E+03,310.,140.));
#673 = VECTOR('',#674,1.);
#674 = DIRECTION('',(0.,0.,1.));
#675 = ORIENTED_EDGE('',*,*,#594,.F.);
#676 = B_SPLINE_SURFACE_WITH_KNOTS('',1,1,(
    (#677,#678)
    ,(#679,#680
    )),.UNSPECIFIED.,.F.,.F.,.F.,(2,2),(2,2),(0.,480.),(0.,1.),
  .PIECEWISE_BEZIER_KNOTS.);
#677 = CARTESIAN_POINT('',(1.85E+03,310.,140.));
#678 = CARTESIAN_POINT('',(2.45E+03,310.,140.));
#679 = CARTESIAN_POINT('',(1.85E+03,310.,610.));
#680 = CARTESIAN_POINT('',(2.45E+03,310.,620.));
#681 = ADVANCED_FACE('',(#682),#705,.T.);
#682 = FACE_BOUND('',#683,.T.);
#683 = EDGE_LOOP('',(#684,#685,#692,#700));
#684 = ORIENTED_EDGE('',*,*,#601,.T.);
#685 = ORIENTED_EDGE('',*,*,#686,.T.);
#686 = EDGE_CURVE('',#595,#687,#689,.T.);
#687 = VERTEX_POINT('',#688);
#688 = CARTESIAN_POINT('',(2.8E+03,240.,140.));
#689 = B_SPLINE_CURVE_WITH_KNOTS('',1,(#690,#691),.UNSPECIFIED.,.F.,.F.,
  (2,2),(0.,1.),.PIECEWISE_BEZIER_KNOTS.);
#690 = CARTESIAN_POINT('',(2.45E+03,310.,140.));
#691 = CARTESIAN_POINT('',(2.8E+03,240.,140.));
#692 = ORIENTED_EDGE('',*,*,#693,.F.);
#693 = EDGE_CURVE('',#694,#687,#696,.T.);
#694 = VERTEX_POINT('',#695);
#695 = CARTESIAN_POINT('',(2.8E+03,-240.,140.));
#696 = LINE('',#697,#698);
#697 = CARTESIAN_POINT('',(2.8E+03,-240.,140.));
#698 = VECTOR('',#699,1.);
#699 = DIRECTION('',(0.,1.,0.));
#700 = ORIENTED_EDGE('',*,*,#701,.F.);
#701 = EDGE_CURVE('',#602,#694,#702,.T.);
#702 = B_SPLINE_CURVE_WITH_KNOTS('',1,(#703,#704),.UNSPECIFIED.,.F.,.F.,
  (2,2),(0.,1.),.PIECEWISE_BEZIER_KNOTS.);
#703 = CARTESIAN_POINT('',(2.45E+03,-310.,140.));
#704 = CARTESIAN_POINT('',(2.8E+03,-240.,140.));
#705 = B_SPLINE_SURFACE_WITH_KNOTS('',1,1,(
    (#706,#707)
    ,(#708,#709
    )),.UNSPECIFIED.,.F.,.F.,.F.,(2,2),(2,2),(0.,620.),(0.,1.),
  .PIECEWISE_BEZIER_KNOTS.);
#706 = CARTESIAN_POINT('',(2.45E+03,-310.,140.));
#707 = CARTESIAN_POINT('',(2.8E+03,-240.,140.));
#708 = CARTESIAN_POINT('',(2.45E+03,310.,140.));
#709 = CARTESIAN_POINT('',(2.8E+03,240.,140.));
#710 = ADVANCED_FACE('',(#711),#728,.T.);
#711 = FACE_BOUND('',#712,.T.);
#712 = EDGE_LOOP('',(#713,#714,#715,#723));
#713 = ORIENTED_EDGE('',*,*,#624,.T.);
#714 = ORIENTED_EDGE('',*,*,#609,.T.);
#715 = ORIENTED_EDGE('',*,*,#716,.F.);
#716 = EDGE_CURVE('',#717,#602,#719,.T.);
#717 = VERTEX_POINT('',#718);
#718 = CARTESIAN_POINT('',(2.45E+03,-310.,620.));
#719 = LINE('',#720,#721);
#720 = CARTESIAN_POINT('',(2.45E+03,-310.,620.));
#721 = VECTOR('',#722,1.);
#722 = DIRECTION('',(0.,0.,-1.));
#723 = ORIENTED_EDGE('',*,*,#724,.F.);
#724 = EDGE_CURVE('',#625,#717,#725,.T.);
#725 = B_SPLINE_CURVE_WITH_KNOTS('',1,(#726,#727),.UNSPECIFIED.,.F.,.F.,
  (2,2),(0.,1.),.PIECEWISE_BEZIER_KNOTS.);
#726 = CARTESIAN_POINT('',(1.85E+03,-310.,610.));
#727 = CARTESIAN_POINT('',(2.45E+03,-310.,620.));
#728 = B_SPLINE_SURFACE_WITH_KNOTS('',1,1,(
    (#729,#730)
    ,(#731,#732
    )),.UNSPECIFIED.,.F.,.F.,.F.,(2,2),(2,2),(0.,480.),(0.,1.),
  .PIECEWISE_BEZIER_KNOTS.);
#729 = CARTESIAN_POINT('',(1.85E+03,-310.,610.));
#730 = CARTESIAN_POINT('',(2.45E+03,-310.,620.));
#731 = CARTESIAN_POINT('',(1.85E+03,-310.,140.));
#732 = CARTESIAN_POINT('',(2.45E+03,-310.,140.));
#733 = ADVANCED_FACE('',(#734),#777,.T.);
#734 = FACE_BOUND('',#735,.T.);
#735 = EDGE_LOOP('',(#736,#737,#738,#739,#747,#755,#763,#771));
#736 = ORIENTED_EDGE('',*,*,#663,.F.);
#737 = ORIENTED_EDGE('',*,*,#647,.T.);
#738 = ORIENTED_EDGE('',*,*,#724,.T.);
#739 = ORIENTED_EDGE('',*,*,#740,.F.);
#740 = EDGE_CURVE('',#741,#717,#743,.T.);
#741 = VERTEX_POINT('',#742);
#742 = CARTESIAN_POINT('',(2.45E+03,-205.,620.));
#743 = LINE('',#744,#745);
#744 = CARTESIAN_POINT('',(2.45E+03,310.,620.));
#745 = VECTOR('',#746,1.);
#746 = DIRECTION('',(0.,-1.,0.));
#747 = ORIENTED_EDGE('',*,*,#748,.T.);
#748 = EDGE_CURVE('',#741,#749,#751,.T.);
#749 = VERTEX_POINT('',#750);
#750 = CARTESIAN_POINT('',(1.9E+03,-205.,610.83333333333));
#751 = LINE('',#752,#753);
#752 = CARTESIAN_POINT('',(2.172243821161E+03,-205.,615.37073035268));
#753 = VECTOR('',#754,1.);
#754 = DIRECTION('',(-0.99986114004,0.,-1.666435233399E-02));
#755 = ORIENTED_EDGE('',*,*,#756,.T.);
#756 = EDGE_CURVE('',#749,#757,#759,.T.);
#757 = VERTEX_POINT('',#758);
#758 = CARTESIAN_POINT('',(1.9E+03,205.,610.83333333333));
#759 = LINE('',#760,#761);
#760 = CARTESIAN_POINT('',(1.9E+03,52.5,610.83333333333));
#761 = VECTOR('',#762,1.);
#762 = DIRECTION('',(0.,1.,0.));
#763 = ORIENTED_EDGE('',*,*,#764,.F.);
#764 = EDGE_CURVE('',#765,#757,#767,.T.);
#765 = VERTEX_POINT('',#766);
#766 = CARTESIAN_POINT('',(2.45E+03,205.,620.));
#767 = LINE('',#768,#769);
#768 = CARTESIAN_POINT('',(2.172243821161E+03,205.,615.37073035268));
#769 = VECTOR('',#770,1.);
#770 = DIRECTION('',(-0.99986114004,0.,-1.666435233399E-02));
#771 = ORIENTED_EDGE('',*,*,#772,.F.);
#772 = EDGE_CURVE('',#664,#765,#773,.T.);
#773 = LINE('',#774,#775);
#774 = CARTESIAN_POINT('',(2.45E+03,310.,620.));
#775 = VECTOR('',#776,1.);
#776 = DIRECTION('',(0.,-1.,0.));
#777 = PLANE('',#778);
#778 = AXIS2_PLACEMENT_3D('',#779,#780,#781);
#779 = CARTESIAN_POINT('',(2.45E+03,310.,620.));
#780 = DIRECTION('',(-1.666435233399E-02,0.,0.99986114004));
#781 = DIRECTION('',(0.,-1.,0.));
#782 = ADVANCED_FACE('',(#783),#800,.T.);
#783 = FACE_BOUND('',#784,.T.);
#784 = EDGE_LOOP('',(#785,#786,#793,#799));
#785 = ORIENTED_EDGE('',*,*,#670,.T.);
#786 = ORIENTED_EDGE('',*,*,#787,.T.);
#787 = EDGE_CURVE('',#664,#788,#790,.T.);
#788 = VERTEX_POINT('',#789);
#789 = CARTESIAN_POINT('',(2.8E+03,240.,520.));
#790 = B_SPLINE_CURVE_WITH_KNOTS('',1,(#791,#792),.UNSPECIFIED.,.F.,.F.,
  (2,2),(0.,1.),.PIECEWISE_BEZIER_KNOTS.);
#791 = CARTESIAN_POINT('',(2.45E+03,310.,620.));
#792 = CARTESIAN_POINT('',(2.8E+03,240.,520.));
#793 = ORIENTED_EDGE('',*,*,#794,.F.);
#794 = EDGE_CURVE('',#687,#788,#795,.T.);
#795 = LINE('',#796,#797);
#796 = CARTESIAN_POINT('',(2.8E+03,240.,140.));
#797 = VECTOR('',#798,1.);
#798 = DIRECTION('',(0.,0.,1.));
#799 = ORIENTED_EDGE('',*,*,#686,.F.);
#800 = B_SPLINE_SURFACE_WITH_KNOTS('',1,1,(
    (#801,#802)
    ,(#803,#804
    )),.UNSPECIFIED.,.F.,.F.,.F.,(2,2),(2,2),(0.,480.),(0.,1.),
  .PIECEWISE_BEZIER_KNOTS.);
#801 = CARTESIAN_POINT('',(2.45E+03,310.,140.));
#802 = CARTESIAN_POINT('',(2.8E+03,240.,140.));
#803 = CARTESIAN_POINT('',(2.45E+03,310.,620.));
#804 = CARTESIAN_POINT('',(2.8E+03,240.,520.));
#805 = ADVANCED_FACE('',(#806),#824,.F.);
#806 = FACE_BOUND('',#807,.T.);
#807 = EDGE_LOOP('',(#808,#809,#810,#818));
#808 = ORIENTED_EDGE('',*,*,#693,.T.);
#809 = ORIENTED_EDGE('',*,*,#794,.T.);
#810 = ORIENTED_EDGE('',*,*,#811,.T.);
#811 = EDGE_CURVE('',#788,#812,#814,.T.);
#812 = VERTEX_POINT('',#813);
#813 = CARTESIAN_POINT('',(2.8E+03,-240.,520.));
#814 = LINE('',#815,#816);
#815 = CARTESIAN_POINT('',(2.8E+03,240.,520.));
#816 = VECTOR('',#817,1.);
#817 = DIRECTION('',(0.,-1.,0.));
#818 = ORIENTED_EDGE('',*,*,#819,.T.);
#819 = EDGE_CURVE('',#812,#694,#820,.T.);
#820 = LINE('',#821,#822);
#821 = CARTESIAN_POINT('',(2.8E+03,-240.,520.));
#822 = VECTOR('',#823,1.);
#823 = DIRECTION('',(0.,0.,-1.));
#824 = PLANE('',#825);
#825 = AXIS2_PLACEMENT_3D('',#826,#827,#828);
#826 = CARTESIAN_POINT('',(2.8E+03,-240.,140.));
#827 = DIRECTION('',(-1.,0.,0.));
#828 = DIRECTION('',(0.,0.784045824462,0.620702944366));
#829 = ADVANCED_FACE('',(#830),#840,.T.);
#830 = FACE_BOUND('',#831,.T.);
#831 = EDGE_LOOP('',(#832,#833,#834,#835));
#832 = ORIENTED_EDGE('',*,*,#716,.T.);
#833 = ORIENTED_EDGE('',*,*,#701,.T.);
#834 = ORIENTED_EDGE('',*,*,#819,.F.);
#835 = ORIENTED_EDGE('',*,*,#836,.F.);
#836 = EDGE_CURVE('',#717,#812,#837,.T.);
#837 = B_SPLINE_CURVE_WITH_KNOTS('',1,(#838,#839),.UNSPECIFIED.,.F.,.F.,
  (2,2),(0.,1.),.PIECEWISE_BEZIER_KNOTS.);
#838 = CARTESIAN_POINT('',(2.45E+03,-310.,620.));
#839 = CARTESIAN_POINT('',(2.8E+03,-240.,520.));
#840 = B_SPLINE_SURFACE_WITH_KNOTS('',1,1,(
    (#841,#842)
    ,(#843,#844
    )),.UNSPECIFIED.,.F.,.F.,.F.,(2,2),(2,2),(0.,480.),(0.,1.),
  .PIECEWISE_BEZIER_KNOTS.);
#841 = CARTESIAN_POINT('',(2.45E+03,-310.,620.));
#842 = CARTESIAN_POINT('',(2.8E+03,-240.,520.));
#843 = CARTESIAN_POINT('',(2.45E+03,-310.,140.));
#844 = CARTESIAN_POINT('',(2.8E+03,-240.,140.));
#845 = ADVANCED_FACE('',(#846),#880,.T.);
#846 = FACE_BOUND('',#847,.T.);
#847 = EDGE_LOOP('',(#848,#849,#850,#861,#868,#877,#878,#879));
#848 = ORIENTED_EDGE('',*,*,#787,.F.);
#849 = ORIENTED_EDGE('',*,*,#772,.T.);
#850 = ORIENTED_EDGE('',*,*,#851,.T.);
#851 = EDGE_CURVE('',#765,#852,#854,.T.);
#852 = VERTEX_POINT('',#853);
#853 = CARTESIAN_POINT('',(2.53E+03,205.,597.14285714285));
#854 = B_SPLINE_CURVE_WITH_KNOTS('',5,(#855,#856,#857,#858,#859,#860),
  .UNSPECIFIED.,.F.,.F.,(6,6),(0.,1.),.PIECEWISE_BEZIER_KNOTS.);
#855 = CARTESIAN_POINT('',(2.45E+03,205.,620.));
#856 = CARTESIAN_POINT('',(2.466014358806E+03,205.,615.4244689125));
#857 = CARTESIAN_POINT('',(2.482022132794E+03,205.,610.85081920162));
#858 = CARTESIAN_POINT('',(2.49802277476E+03,205.,606.27920721132));
#859 = CARTESIAN_POINT('',(2.514015644445E+03,205.,601.70981587291));
#860 = CARTESIAN_POINT('',(2.53E+03,205.,597.14285714285));
#861 = ORIENTED_EDGE('',*,*,#862,.F.);
#862 = EDGE_CURVE('',#863,#852,#865,.T.);
#863 = VERTEX_POINT('',#864);
#864 = CARTESIAN_POINT('',(2.53E+03,-205.,597.14285714285));
#865 = B_SPLINE_CURVE_WITH_KNOTS('',1,(#866,#867),.UNSPECIFIED.,.F.,.F.,
  (2,2),(0.,1.),.PIECEWISE_BEZIER_KNOTS.);
#866 = CARTESIAN_POINT('',(2.53E+03,-205.,597.14285714285));
#867 = CARTESIAN_POINT('',(2.53E+03,205.,597.14285714285));
#868 = ORIENTED_EDGE('',*,*,#869,.F.);
#869 = EDGE_CURVE('',#741,#863,#870,.T.);
#870 = B_SPLINE_CURVE_WITH_KNOTS('',5,(#871,#872,#873,#874,#875,#876),
  .UNSPECIFIED.,.F.,.F.,(6,6),(0.,1.),.PIECEWISE_BEZIER_KNOTS.);
#871 = CARTESIAN_POINT('',(2.45E+03,-205.,620.));
#872 = CARTESIAN_POINT('',(2.466014358806E+03,-205.,615.4244689125));
#873 = CARTESIAN_POINT('',(2.482022132794E+03,-205.,610.85081920162));
#874 = CARTESIAN_POINT('',(2.49802277476E+03,-205.,606.27920721132));
#875 = CARTESIAN_POINT('',(2.514015644445E+03,-205.,601.70981587291));
#876 = CARTESIAN_POINT('',(2.53E+03,-205.,597.14285714285));
#877 = ORIENTED_EDGE('',*,*,#740,.T.);
#878 = ORIENTED_EDGE('',*,*,#836,.T.);
#879 = ORIENTED_EDGE('',*,*,#811,.F.);
#880 = B_SPLINE_SURFACE_WITH_KNOTS('',1,1,(
    (#881,#882)
    ,(#883,#884
    )),.UNSPECIFIED.,.F.,.F.,.F.,(2,2),(2,2),(0.,620.),(0.,1.),
  .PIECEWISE_BEZIER_KNOTS.);
#881 = CARTESIAN_POINT('',(2.45E+03,310.,620.));
#882 = CARTESIAN_POINT('',(2.8E+03,240.,520.));
#883 = CARTESIAN_POINT('',(2.45E+03,-310.,620.));
#884 = CARTESIAN_POINT('',(2.8E+03,-240.,520.));
#885 = ADVANCED_FACE('',(#886),#912,.F.);
#886 = FACE_BOUND('',#887,.F.);
#887 = EDGE_LOOP('',(#888,#896,#904,#910,#911));
#888 = ORIENTED_EDGE('',*,*,#889,.F.);
#889 = EDGE_CURVE('',#890,#852,#892,.T.);
#890 = VERTEX_POINT('',#891);
#891 = CARTESIAN_POINT('',(2.53E+03,205.,280.));
#892 = LINE('',#893,#894);
#893 = CARTESIAN_POINT('',(2.53E+03,205.,280.));
#894 = VECTOR('',#895,1.);
#895 = DIRECTION('',(0.,0.,1.));
#896 = ORIENTED_EDGE('',*,*,#897,.F.);
#897 = EDGE_CURVE('',#898,#890,#900,.T.);
#898 = VERTEX_POINT('',#899);
#899 = CARTESIAN_POINT('',(1.9E+03,205.,280.));
#900 = LINE('',#901,#902);
#901 = CARTESIAN_POINT('',(1.9E+03,205.,280.));
#902 = VECTOR('',#903,1.);
#903 = DIRECTION('',(1.,0.,0.));
#904 = ORIENTED_EDGE('',*,*,#905,.T.);
#905 = EDGE_CURVE('',#898,#757,#906,.T.);
#906 = LINE('',#907,#908);
#907 = CARTESIAN_POINT('',(1.9E+03,205.,280.));
#908 = VECTOR('',#909,1.);
#909 = DIRECTION('',(0.,0.,1.));
#910 = ORIENTED_EDGE('',*,*,#764,.F.);
#911 = ORIENTED_EDGE('',*,*,#851,.T.);
#912 = PLANE('',#913);
#913 = AXIS2_PLACEMENT_3D('',#914,#915,#916);
#914 = CARTESIAN_POINT('',(1.9E+03,205.,280.));
#915 = DIRECTION('',(0.,1.,0.));
#916 = DIRECTION('',(0.,0.,1.));
#917 = ADVANCED_FACE('',(#918),#936,.T.);
#918 = FACE_BOUND('',#919,.T.);
#919 = EDGE_LOOP('',(#920,#928,#934,#935));
#920 = ORIENTED_EDGE('',*,*,#921,.F.);
#921 = EDGE_CURVE('',#922,#749,#924,.T.);
#922 = VERTEX_POINT('',#923);
#923 = CARTESIAN_POINT('',(1.9E+03,-205.,280.));
#924 = LINE('',#925,#926);
#925 = CARTESIAN_POINT('',(1.9E+03,-205.,280.));
#926 = VECTOR('',#927,1.);
#927 = DIRECTION('',(0.,0.,1.));
#928 = ORIENTED_EDGE('',*,*,#929,.T.);
#929 = EDGE_CURVE('',#922,#898,#930,.T.);
#930 = LINE('',#931,#932);
#931 = CARTESIAN_POINT('',(1.9E+03,-205.,280.));
#932 = VECTOR('',#933,1.);
#933 = DIRECTION('',(0.,1.,0.));
#934 = ORIENTED_EDGE('',*,*,#905,.T.);
#935 = ORIENTED_EDGE('',*,*,#756,.F.);
#936 = PLANE('',#937);
#937 = AXIS2_PLACEMENT_3D('',#938,#939,#940);
#938 = CARTESIAN_POINT('',(1.9E+03,-205.,280.));
#939 = DIRECTION('',(1.,0.,0.));
#940 = DIRECTION('',(0.,0.,1.));
#941 = ADVANCED_FACE('',(#942),#961,.T.);
#942 = FACE_BOUND('',#943,.T.);
#943 = EDGE_LOOP('',(#944,#952,#958,#959,#960));
#944 = ORIENTED_EDGE('',*,*,#945,.F.);
#945 = EDGE_CURVE('',#946,#863,#948,.T.);
#946 = VERTEX_POINT('',#947);
#947 = CARTESIAN_POINT('',(2.53E+03,-205.,280.));
#948 = LINE('',#949,#950);
#949 = CARTESIAN_POINT('',(2.53E+03,-205.,280.));
#950 = VECTOR('',#951,1.);
#951 = DIRECTION('',(0.,0.,1.));
#952 = ORIENTED_EDGE('',*,*,#953,.F.);
#953 = EDGE_CURVE('',#922,#946,#954,.T.);
#954 = LINE('',#955,#956);
#955 = CARTESIAN_POINT('',(1.9E+03,-205.,280.));
#956 = VECTOR('',#957,1.);
#957 = DIRECTION('',(1.,0.,0.));
#958 = ORIENTED_EDGE('',*,*,#921,.T.);
#959 = ORIENTED_EDGE('',*,*,#748,.F.);
#960 = ORIENTED_EDGE('',*,*,#869,.T.);
#961 = PLANE('',#962);
#962 = AXIS2_PLACEMENT_3D('',#963,#964,#965);
#963 = CARTESIAN_POINT('',(1.9E+03,-205.,280.));
#964 = DIRECTION('',(0.,1.,0.));
#965 = DIRECTION('',(0.,0.,1.));
#966 = ADVANCED_FACE('',(#967),#978,.F.);
#967 = FACE_BOUND('',#968,.F.);
#968 = EDGE_LOOP('',(#969,#970,#976,#977));
#969 = ORIENTED_EDGE('',*,*,#945,.F.);
#970 = ORIENTED_EDGE('',*,*,#971,.T.);
#971 = EDGE_CURVE('',#946,#890,#972,.T.);
#972 = LINE('',#973,#974);
#973 = CARTESIAN_POINT('',(2.53E+03,-205.,280.));
#974 = VECTOR('',#975,1.);
#975 = DIRECTION('',(0.,1.,0.));
#976 = ORIENTED_EDGE('',*,*,#889,.T.);
#977 = ORIENTED_EDGE('',*,*,#862,.F.);
#978 = PLANE('',#979);
#979 = AXIS2_PLACEMENT_3D('',#980,#981,#982);
#980 = CARTESIAN_POINT('',(2.53E+03,-205.,280.));
#981 = DIRECTION('',(1.,0.,0.));
#982 = DIRECTION('',(0.,0.,1.));
#983 = ADVANCED_FACE('',(#984),#990,.T.);
#984 = FACE_BOUND('',#985,.T.);
#985 = EDGE_LOOP('',(#986,#987,#988,#989));
#986 = ORIENTED_EDGE('',*,*,#929,.F.);
#987 = ORIENTED_EDGE('',*,*,#953,.T.);
#988 = ORIENTED_EDGE('',*,*,#971,.T.);
#989 = ORIENTED_EDGE('',*,*,#897,.F.);
#990 = PLANE('',#991);
#991 = AXIS2_PLACEMENT_3D('',#992,#993,#994);
#992 = CARTESIAN_POINT('',(1.9E+03,-205.,280.));
#993 = DIRECTION('',(0.,0.,1.));
#994 = DIRECTION('',(1.,0.,0.));
#995 = MANIFOLD_SOLID_BREP('',#996);
#996 = CLOSED_SHELL('',(#997,#1037,#1077,#1099,#1121,#1133));
#997 = ADVANCED_FACE('',(#998),#1032,.F.);
#998 = FACE_BOUND('',#999,.F.);
#999 = EDGE_LOOP('',(#1000,#1010,#1018,#1026));
#1000 = ORIENTED_EDGE('',*,*,#1001,.F.);
#1001 = EDGE_CURVE('',#1002,#1004,#1006,.T.);
#1002 = VERTEX_POINT('',#1003);
#1003 = CARTESIAN_POINT('',(2.29E+03,-160.,285.));
#1004 = VERTEX_POINT('',#1005);
#1005 = CARTESIAN_POINT('',(2.29E+03,-160.,535.));
#1006 = LINE('',#1007,#1008);
#1007 = CARTESIAN_POINT('',(2.29E+03,-160.,285.));
#1008 = VECTOR('',#1009,1.);
#1009 = DIRECTION('',(0.,0.,1.));
#1010 = ORIENTED_EDGE('',*,*,#1011,.T.);
#1011 = EDGE_CURVE('',#1002,#1012,#1014,.T.);
#1012 = VERTEX_POINT('',#1013);
#1013 = CARTESIAN_POINT('',(2.29E+03,160.,285.));
#1014 = LINE('',#1015,#1016);
#1015 = CARTESIAN_POINT('',(2.29E+03,-160.,285.));
#1016 = VECTOR('',#1017,1.);
#1017 = DIRECTION('',(0.,1.,0.));
#1018 = ORIENTED_EDGE('',*,*,#1019,.T.);
#1019 = EDGE_CURVE('',#1012,#1020,#1022,.T.);
#1020 = VERTEX_POINT('',#1021);
#1021 = CARTESIAN_POINT('',(2.29E+03,160.,535.));
#1022 = LINE('',#1023,#1024);
#1023 = CARTESIAN_POINT('',(2.29E+03,160.,285.));
#1024 = VECTOR('',#1025,1.);
#1025 = DIRECTION('',(0.,0.,1.));
#1026 = ORIENTED_EDGE('',*,*,#1027,.F.);
#1027 = EDGE_CURVE('',#1004,#1020,#1028,.T.);
#1028 = LINE('',#1029,#1030);
#1029 = CARTESIAN_POINT('',(2.29E+03,-160.,535.));
#1030 = VECTOR('',#1031,1.);
#1031 = DIRECTION('',(0.,1.,0.));
#1032 = PLANE('',#1033);
#1033 = AXIS2_PLACEMENT_3D('',#1034,#1035,#1036);
#1034 = CARTESIAN_POINT('',(2.29E+03,-160.,285.));
#1035 = DIRECTION('',(1.,0.,0.));
#1036 = DIRECTION('',(0.,0.,1.));
#1037 = ADVANCED_FACE('',(#1038),#1072,.T.);
#1038 = FACE_BOUND('',#1039,.T.);
#1039 = EDGE_LOOP('',(#1040,#1050,#1058,#1066));
#1040 = ORIENTED_EDGE('',*,*,#1041,.F.);
#1041 = EDGE_CURVE('',#1042,#1044,#1046,.T.);
#1042 = VERTEX_POINT('',#1043);
#1043 = CARTESIAN_POINT('',(2.38E+03,-160.,285.));
#1044 = VERTEX_POINT('',#1045);
#1045 = CARTESIAN_POINT('',(2.38E+03,-160.,535.));
#1046 = LINE('',#1047,#1048);
#1047 = CARTESIAN_POINT('',(2.38E+03,-160.,285.));
#1048 = VECTOR('',#1049,1.);
#1049 = DIRECTION('',(0.,0.,1.));
#1050 = ORIENTED_EDGE('',*,*,#1051,.T.);
#1051 = EDGE_CURVE('',#1042,#1052,#1054,.T.);
#1052 = VERTEX_POINT('',#1053);
#1053 = CARTESIAN_POINT('',(2.38E+03,160.,285.));
#1054 = LINE('',#1055,#1056);
#1055 = CARTESIAN_POINT('',(2.38E+03,-160.,285.));
#1056 = VECTOR('',#1057,1.);
#1057 = DIRECTION('',(0.,1.,0.));
#1058 = ORIENTED_EDGE('',*,*,#1059,.T.);
#1059 = EDGE_CURVE('',#1052,#1060,#1062,.T.);
#1060 = VERTEX_POINT('',#1061);
#1061 = CARTESIAN_POINT('',(2.38E+03,160.,535.));
#1062 = LINE('',#1063,#1064);
#1063 = CARTESIAN_POINT('',(2.38E+03,160.,285.));
#1064 = VECTOR('',#1065,1.);
#1065 = DIRECTION('',(0.,0.,1.));
#1066 = ORIENTED_EDGE('',*,*,#1067,.F.);
#1067 = EDGE_CURVE('',#1044,#1060,#1068,.T.);
#1068 = LINE('',#1069,#1070);
#1069 = CARTESIAN_POINT('',(2.38E+03,-160.,535.));
#1070 = VECTOR('',#1071,1.);
#1071 = DIRECTION('',(0.,1.,0.));
#1072 = PLANE('',#1073);
#1073 = AXIS2_PLACEMENT_3D('',#1074,#1075,#1076);
#1074 = CARTESIAN_POINT('',(2.38E+03,-160.,285.));
#1075 = DIRECTION('',(1.,0.,0.));
#1076 = DIRECTION('',(0.,0.,1.));
#1077 = ADVANCED_FACE('',(#1078),#1094,.F.);
#1078 = FACE_BOUND('',#1079,.F.);
#1079 = EDGE_LOOP('',(#1080,#1086,#1087,#1093));
#1080 = ORIENTED_EDGE('',*,*,#1081,.F.);
#1081 = EDGE_CURVE('',#1002,#1042,#1082,.T.);
#1082 = LINE('',#1083,#1084);
#1083 = CARTESIAN_POINT('',(2.29E+03,-160.,285.));
#1084 = VECTOR('',#1085,1.);
#1085 = DIRECTION('',(1.,0.,0.));
#1086 = ORIENTED_EDGE('',*,*,#1001,.T.);
#1087 = ORIENTED_EDGE('',*,*,#1088,.T.);
#1088 = EDGE_CURVE('',#1004,#1044,#1089,.T.);
#1089 = LINE('',#1090,#1091);
#1090 = CARTESIAN_POINT('',(2.29E+03,-160.,535.));
#1091 = VECTOR('',#1092,1.);
#1092 = DIRECTION('',(1.,0.,0.));
#1093 = ORIENTED_EDGE('',*,*,#1041,.F.);
#1094 = PLANE('',#1095);
#1095 = AXIS2_PLACEMENT_3D('',#1096,#1097,#1098);
#1096 = CARTESIAN_POINT('',(2.29E+03,-160.,285.));
#1097 = DIRECTION('',(0.,1.,0.));
#1098 = DIRECTION('',(0.,0.,1.));
#1099 = ADVANCED_FACE('',(#1100),#1116,.T.);
#1100 = FACE_BOUND('',#1101,.T.);
#1101 = EDGE_LOOP('',(#1102,#1108,#1109,#1115));
#1102 = ORIENTED_EDGE('',*,*,#1103,.F.);
#1103 = EDGE_CURVE('',#1012,#1052,#1104,.T.);
#1104 = LINE('',#1105,#1106);
#1105 = CARTESIAN_POINT('',(2.29E+03,160.,285.));
#1106 = VECTOR('',#1107,1.);
#1107 = DIRECTION('',(1.,0.,0.));
#1108 = ORIENTED_EDGE('',*,*,#1019,.T.);
#1109 = ORIENTED_EDGE('',*,*,#1110,.T.);
#1110 = EDGE_CURVE('',#1020,#1060,#1111,.T.);
#1111 = LINE('',#1112,#1113);
#1112 = CARTESIAN_POINT('',(2.29E+03,160.,535.));
#1113 = VECTOR('',#1114,1.);
#1114 = DIRECTION('',(1.,0.,0.));
#1115 = ORIENTED_EDGE('',*,*,#1059,.F.);
#1116 = PLANE('',#1117);
#1117 = AXIS2_PLACEMENT_3D('',#1118,#1119,#1120);
#1118 = CARTESIAN_POINT('',(2.29E+03,160.,285.));
#1119 = DIRECTION('',(0.,1.,0.));
#1120 = DIRECTION('',(0.,0.,1.));
#1121 = ADVANCED_FACE('',(#1122),#1128,.F.);
#1122 = FACE_BOUND('',#1123,.F.);
#1123 = EDGE_LOOP('',(#1124,#1125,#1126,#1127));
#1124 = ORIENTED_EDGE('',*,*,#1011,.F.);
#1125 = ORIENTED_EDGE('',*,*,#1081,.T.);
#1126 = ORIENTED_EDGE('',*,*,#1051,.T.);
#1127 = ORIENTED_EDGE('',*,*,#1103,.F.);
#1128 = PLANE('',#1129);
#1129 = AXIS2_PLACEMENT_3D('',#1130,#1131,#1132);
#1130 = CARTESIAN_POINT('',(2.29E+03,-160.,285.));
#1131 = DIRECTION('',(0.,0.,1.));
#1132 = DIRECTION('',(1.,0.,0.));
#1133 = ADVANCED_FACE('',(#1134),#1140,.T.);
#1134 = FACE_BOUND('',#1135,.T.);
#1135 = EDGE_LOOP('',(#1136,#1137,#1138,#1139));
#1136 = ORIENTED_EDGE('',*,*,#1027,.F.);
#1137 = ORIENTED_EDGE('',*,*,#1088,.T.);
#1138 = ORIENTED_EDGE('',*,*,#1067,.T.);
#1139 = ORIENTED_EDGE('',*,*,#1110,.F.);
#1140 = PLANE('',#1141);
#1141 = AXIS2_PLACEMENT_3D('',#1142,#1143,#1144);
#1142 = CARTESIAN_POINT('',(2.29E+03,-160.,535.));
#1143 = DIRECTION('',(0.,0.,1.));
#1144 = DIRECTION('',(1.,0.,0.));
#1145 = MANIFOLD_SOLID_BREP('',#1146);
#1146 = CLOSED_SHELL('',(#1147,#1185,#1215,#1245,#1267,#1296,#1319,#1342
    ,#1359,#1388,#1411,#1434,#1451,#1463));
#1147 = ADVANCED_FACE('',(#1148),#1180,.T.);
#1148 = FACE_BOUND('',#1149,.T.);
#1149 = EDGE_LOOP('',(#1150,#1160,#1167,#1175));
#1150 = ORIENTED_EDGE('',*,*,#1151,.T.);
#1151 = EDGE_CURVE('',#1152,#1154,#1156,.T.);
#1152 = VERTEX_POINT('',#1153);
#1153 = CARTESIAN_POINT('',(1.95E+03,250.,135.));
#1154 = VERTEX_POINT('',#1155);
#1155 = CARTESIAN_POINT('',(1.95E+03,610.,135.));
#1156 = LINE('',#1157,#1158);
#1157 = CARTESIAN_POINT('',(1.95E+03,250.,135.));
#1158 = VECTOR('',#1159,1.);
#1159 = DIRECTION('',(0.,1.,0.));
#1160 = ORIENTED_EDGE('',*,*,#1161,.T.);
#1161 = EDGE_CURVE('',#1154,#1162,#1164,.T.);
#1162 = VERTEX_POINT('',#1163);
#1163 = CARTESIAN_POINT('',(2.25E+03,640.,135.));
#1164 = B_SPLINE_CURVE_WITH_KNOTS('',1,(#1165,#1166),.UNSPECIFIED.,.F.,
  .F.,(2,2),(0.,1.),.PIECEWISE_BEZIER_KNOTS.);
#1165 = CARTESIAN_POINT('',(1.95E+03,610.,135.));
#1166 = CARTESIAN_POINT('',(2.25E+03,640.,135.));
#1167 = ORIENTED_EDGE('',*,*,#1168,.F.);
#1168 = EDGE_CURVE('',#1169,#1162,#1171,.T.);
#1169 = VERTEX_POINT('',#1170);
#1170 = CARTESIAN_POINT('',(2.25E+03,220.,135.));
#1171 = LINE('',#1172,#1173);
#1172 = CARTESIAN_POINT('',(2.25E+03,220.,135.));
#1173 = VECTOR('',#1174,1.);
#1174 = DIRECTION('',(0.,1.,0.));
#1175 = ORIENTED_EDGE('',*,*,#1176,.F.);
#1176 = EDGE_CURVE('',#1152,#1169,#1177,.T.);
#1177 = B_SPLINE_CURVE_WITH_KNOTS('',1,(#1178,#1179),.UNSPECIFIED.,.F.,
  .F.,(2,2),(0.,1.),.PIECEWISE_BEZIER_KNOTS.);
#1178 = CARTESIAN_POINT('',(1.95E+03,250.,135.));
#1179 = CARTESIAN_POINT('',(2.25E+03,220.,135.));
#1180 = B_SPLINE_SURFACE_WITH_KNOTS('',1,1,(
    (#1181,#1182)
    ,(#1183,#1184
    )),.UNSPECIFIED.,.F.,.F.,.F.,(2,2),(2,2),(0.,420.),(0.,1.),
  .PIECEWISE_BEZIER_KNOTS.);
#1181 = CARTESIAN_POINT('',(1.95E+03,250.,135.));
#1182 = CARTESIAN_POINT('',(2.25E+03,220.,135.));
#1183 = CARTESIAN_POINT('',(1.95E+03,610.,135.));
#1184 = CARTESIAN_POINT('',(2.25E+03,640.,135.));
#1185 = ADVANCED_FACE('',(#1186),#1210,.T.);
#1186 = FACE_BOUND('',#1187,.T.);
#1187 = EDGE_LOOP('',(#1188,#1196,#1203,#1209));
#1188 = ORIENTED_EDGE('',*,*,#1189,.T.);
#1189 = EDGE_CURVE('',#1154,#1190,#1192,.T.);
#1190 = VERTEX_POINT('',#1191);
#1191 = CARTESIAN_POINT('',(1.95E+03,610.,410.));
#1192 = LINE('',#1193,#1194);
#1193 = CARTESIAN_POINT('',(1.95E+03,610.,135.));
#1194 = VECTOR('',#1195,1.);
#1195 = DIRECTION('',(0.,0.,1.));
#1196 = ORIENTED_EDGE('',*,*,#1197,.T.);
#1197 = EDGE_CURVE('',#1190,#1198,#1200,.T.);
#1198 = VERTEX_POINT('',#1199);
#1199 = CARTESIAN_POINT('',(2.25E+03,640.,500.));
#1200 = B_SPLINE_CURVE_WITH_KNOTS('',1,(#1201,#1202),.UNSPECIFIED.,.F.,
  .F.,(2,2),(0.,1.),.PIECEWISE_BEZIER_KNOTS.);
#1201 = CARTESIAN_POINT('',(1.95E+03,610.,410.));
#1202 = CARTESIAN_POINT('',(2.25E+03,640.,500.));
#1203 = ORIENTED_EDGE('',*,*,#1204,.F.);
#1204 = EDGE_CURVE('',#1162,#1198,#1205,.T.);
#1205 = LINE('',#1206,#1207);
#1206 = CARTESIAN_POINT('',(2.25E+03,640.,135.));
#1207 = VECTOR('',#1208,1.);
#1208 = DIRECTION('',(0.,0.,1.));
#1209 = ORIENTED_EDGE('',*,*,#1161,.F.);
#1210 = B_SPLINE_SURFACE_WITH_KNOTS('',1,1,(
    (#1211,#1212)
    ,(#1213,#1214
    )),.UNSPECIFIED.,.F.,.F.,.F.,(2,2),(2,2),(0.,365.),(0.,1.),
  .PIECEWISE_BEZIER_KNOTS.);
#1211 = CARTESIAN_POINT('',(1.95E+03,610.,135.));
#1212 = CARTESIAN_POINT('',(2.25E+03,640.,135.));
#1213 = CARTESIAN_POINT('',(1.95E+03,610.,410.));
#1214 = CARTESIAN_POINT('',(2.25E+03,640.,500.));
#1215 = ADVANCED_FACE('',(#1216),#1240,.T.);
#1216 = FACE_BOUND('',#1217,.T.);
#1217 = EDGE_LOOP('',(#1218,#1226,#1233,#1239));
#1218 = ORIENTED_EDGE('',*,*,#1219,.T.);
#1219 = EDGE_CURVE('',#1190,#1220,#1222,.T.);
#1220 = VERTEX_POINT('',#1221);
#1221 = CARTESIAN_POINT('',(1.95E+03,250.,410.));
#1222 = LINE('',#1223,#1224);
#1223 = CARTESIAN_POINT('',(1.95E+03,610.,410.));
#1224 = VECTOR('',#1225,1.);
#1225 = DIRECTION('',(0.,-1.,0.));
#1226 = ORIENTED_EDGE('',*,*,#1227,.T.);
#1227 = EDGE_CURVE('',#1220,#1228,#1230,.T.);
#1228 = VERTEX_POINT('',#1229);
#1229 = CARTESIAN_POINT('',(2.25E+03,220.,500.));
#1230 = B_SPLINE_CURVE_WITH_KNOTS('',1,(#1231,#1232),.UNSPECIFIED.,.F.,
  .F.,(2,2),(0.,1.),.PIECEWISE_BEZIER_KNOTS.);
#1231 = CARTESIAN_POINT('',(1.95E+03,250.,410.));
#1232 = CARTESIAN_POINT('',(2.25E+03,220.,500.));
#1233 = ORIENTED_EDGE('',*,*,#1234,.F.);
#1234 = EDGE_CURVE('',#1198,#1228,#1235,.T.);
#1235 = LINE('',#1236,#1237);
#1236 = CARTESIAN_POINT('',(2.25E+03,640.,500.));
#1237 = VECTOR('',#1238,1.);
#1238 = DIRECTION('',(0.,-1.,0.));
#1239 = ORIENTED_EDGE('',*,*,#1197,.F.);
#1240 = B_SPLINE_SURFACE_WITH_KNOTS('',1,1,(
    (#1241,#1242)
    ,(#1243,#1244
    )),.UNSPECIFIED.,.F.,.F.,.F.,(2,2),(2,2),(0.,420.),(0.,1.),
  .PIECEWISE_BEZIER_KNOTS.);
#1241 = CARTESIAN_POINT('',(1.95E+03,610.,410.));
#1242 = CARTESIAN_POINT('',(2.25E+03,640.,500.));
#1243 = CARTESIAN_POINT('',(1.95E+03,250.,410.));
#1244 = CARTESIAN_POINT('',(2.25E+03,220.,500.));
#1245 = ADVANCED_FACE('',(#1246),#1262,.T.);
#1246 = FACE_BOUND('',#1247,.T.);
#1247 = EDGE_LOOP('',(#1248,#1254,#1255,#1261));
#1248 = ORIENTED_EDGE('',*,*,#1249,.T.);
#1249 = EDGE_CURVE('',#1220,#1152,#1250,.T.);
#1250 = LINE('',#1251,#1252);
#1251 = CARTESIAN_POINT('',(1.95E+03,250.,410.));
#1252 = VECTOR('',#1253,1.);
#1253 = DIRECTION('',(0.,0.,-1.));
#1254 = ORIENTED_EDGE('',*,*,#1176,.T.);
#1255 = ORIENTED_EDGE('',*,*,#1256,.F.);
#1256 = EDGE_CURVE('',#1228,#1169,#1257,.T.);
#1257 = LINE('',#1258,#1259);
#1258 = CARTESIAN_POINT('',(2.25E+03,220.,500.));
#1259 = VECTOR('',#1260,1.);
#1260 = DIRECTION('',(0.,0.,-1.));
#1261 = ORIENTED_EDGE('',*,*,#1227,.F.);
#1262 = B_SPLINE_SURFACE_WITH_KNOTS('',1,1,(
    (#1263,#1264)
    ,(#1265,#1266
    )),.UNSPECIFIED.,.F.,.F.,.F.,(2,2),(2,2),(0.,365.),(0.,1.),
  .PIECEWISE_BEZIER_KNOTS.);
#1263 = CARTESIAN_POINT('',(1.95E+03,250.,410.));
#1264 = CARTESIAN_POINT('',(2.25E+03,220.,500.));
#1265 = CARTESIAN_POINT('',(1.95E+03,250.,135.));
#1266 = CARTESIAN_POINT('',(2.25E+03,220.,135.));
#1267 = ADVANCED_FACE('',(#1268),#1291,.T.);
#1268 = FACE_BOUND('',#1269,.T.);
#1269 = EDGE_LOOP('',(#1270,#1271,#1278,#1286));
#1270 = ORIENTED_EDGE('',*,*,#1168,.T.);
#1271 = ORIENTED_EDGE('',*,*,#1272,.T.);
#1272 = EDGE_CURVE('',#1162,#1273,#1275,.T.);
#1273 = VERTEX_POINT('',#1274);
#1274 = CARTESIAN_POINT('',(2.85E+03,610.,135.));
#1275 = B_SPLINE_CURVE_WITH_KNOTS('',1,(#1276,#1277),.UNSPECIFIED.,.F.,
  .F.,(2,2),(0.,1.),.PIECEWISE_BEZIER_KNOTS.);
#1276 = CARTESIAN_POINT('',(2.25E+03,640.,135.));
#1277 = CARTESIAN_POINT('',(2.85E+03,610.,135.));
#1278 = ORIENTED_EDGE('',*,*,#1279,.F.);
#1279 = EDGE_CURVE('',#1280,#1273,#1282,.T.);
#1280 = VERTEX_POINT('',#1281);
#1281 = CARTESIAN_POINT('',(2.85E+03,250.,135.));
#1282 = LINE('',#1283,#1284);
#1283 = CARTESIAN_POINT('',(2.85E+03,250.,135.));
#1284 = VECTOR('',#1285,1.);
#1285 = DIRECTION('',(0.,1.,0.));
#1286 = ORIENTED_EDGE('',*,*,#1287,.F.);
#1287 = EDGE_CURVE('',#1169,#1280,#1288,.T.);
#1288 = B_SPLINE_CURVE_WITH_KNOTS('',1,(#1289,#1290),.UNSPECIFIED.,.F.,
  .F.,(2,2),(0.,1.),.PIECEWISE_BEZIER_KNOTS.);
#1289 = CARTESIAN_POINT('',(2.25E+03,220.,135.));
#1290 = CARTESIAN_POINT('',(2.85E+03,250.,135.));
#1291 = B_SPLINE_SURFACE_WITH_KNOTS('',1,1,(
    (#1292,#1293)
    ,(#1294,#1295
    )),.UNSPECIFIED.,.F.,.F.,.F.,(2,2),(2,2),(0.,420.),(0.,1.),
  .PIECEWISE_BEZIER_KNOTS.);
#1292 = CARTESIAN_POINT('',(2.25E+03,220.,135.));
#1293 = CARTESIAN_POINT('',(2.85E+03,250.,135.));
#1294 = CARTESIAN_POINT('',(2.25E+03,640.,135.));
#1295 = CARTESIAN_POINT('',(2.85E+03,610.,135.));
#1296 = ADVANCED_FACE('',(#1297),#1314,.T.);
#1297 = FACE_BOUND('',#1298,.T.);
#1298 = EDGE_LOOP('',(#1299,#1300,#1307,#1313));
#1299 = ORIENTED_EDGE('',*,*,#1204,.T.);
#1300 = ORIENTED_EDGE('',*,*,#1301,.T.);
#1301 = EDGE_CURVE('',#1198,#1302,#1304,.T.);
#1302 = VERTEX_POINT('',#1303);
#1303 = CARTESIAN_POINT('',(2.85E+03,610.,440.));
#1304 = B_SPLINE_CURVE_WITH_KNOTS('',1,(#1305,#1306),.UNSPECIFIED.,.F.,
  .F.,(2,2),(0.,1.),.PIECEWISE_BEZIER_KNOTS.);
#1305 = CARTESIAN_POINT('',(2.25E+03,640.,500.));
#1306 = CARTESIAN_POINT('',(2.85E+03,610.,440.));
#1307 = ORIENTED_EDGE('',*,*,#1308,.F.);
#1308 = EDGE_CURVE('',#1273,#1302,#1309,.T.);
#1309 = LINE('',#1310,#1311);
#1310 = CARTESIAN_POINT('',(2.85E+03,610.,135.));
#1311 = VECTOR('',#1312,1.);
#1312 = DIRECTION('',(0.,0.,1.));
#1313 = ORIENTED_EDGE('',*,*,#1272,.F.);
#1314 = B_SPLINE_SURFACE_WITH_KNOTS('',1,1,(
    (#1315,#1316)
    ,(#1317,#1318
    )),.UNSPECIFIED.,.F.,.F.,.F.,(2,2),(2,2),(0.,365.),(0.,1.),
  .PIECEWISE_BEZIER_KNOTS.);
#1315 = CARTESIAN_POINT('',(2.25E+03,640.,135.));
#1316 = CARTESIAN_POINT('',(2.85E+03,610.,135.));
#1317 = CARTESIAN_POINT('',(2.25E+03,640.,500.));
#1318 = CARTESIAN_POINT('',(2.85E+03,610.,440.));
#1319 = ADVANCED_FACE('',(#1320),#1337,.T.);
#1320 = FACE_BOUND('',#1321,.T.);
#1321 = EDGE_LOOP('',(#1322,#1323,#1330,#1336));
#1322 = ORIENTED_EDGE('',*,*,#1234,.T.);
#1323 = ORIENTED_EDGE('',*,*,#1324,.T.);
#1324 = EDGE_CURVE('',#1228,#1325,#1327,.T.);
#1325 = VERTEX_POINT('',#1326);
#1326 = CARTESIAN_POINT('',(2.85E+03,250.,440.));
#1327 = B_SPLINE_CURVE_WITH_KNOTS('',1,(#1328,#1329),.UNSPECIFIED.,.F.,
  .F.,(2,2),(0.,1.),.PIECEWISE_BEZIER_KNOTS.);
#1328 = CARTESIAN_POINT('',(2.25E+03,220.,500.));
#1329 = CARTESIAN_POINT('',(2.85E+03,250.,440.));
#1330 = ORIENTED_EDGE('',*,*,#1331,.F.);
#1331 = EDGE_CURVE('',#1302,#1325,#1332,.T.);
#1332 = LINE('',#1333,#1334);
#1333 = CARTESIAN_POINT('',(2.85E+03,610.,440.));
#1334 = VECTOR('',#1335,1.);
#1335 = DIRECTION('',(0.,-1.,0.));
#1336 = ORIENTED_EDGE('',*,*,#1301,.F.);
#1337 = B_SPLINE_SURFACE_WITH_KNOTS('',1,1,(
    (#1338,#1339)
    ,(#1340,#1341
    )),.UNSPECIFIED.,.F.,.F.,.F.,(2,2),(2,2),(0.,420.),(0.,1.),
  .PIECEWISE_BEZIER_KNOTS.);
#1338 = CARTESIAN_POINT('',(2.25E+03,640.,500.));
#1339 = CARTESIAN_POINT('',(2.85E+03,610.,440.));
#1340 = CARTESIAN_POINT('',(2.25E+03,220.,500.));
#1341 = CARTESIAN_POINT('',(2.85E+03,250.,440.));
#1342 = ADVANCED_FACE('',(#1343),#1354,.T.);
#1343 = FACE_BOUND('',#1344,.T.);
#1344 = EDGE_LOOP('',(#1345,#1346,#1347,#1353));
#1345 = ORIENTED_EDGE('',*,*,#1256,.T.);
#1346 = ORIENTED_EDGE('',*,*,#1287,.T.);
#1347 = ORIENTED_EDGE('',*,*,#1348,.F.);
#1348 = EDGE_CURVE('',#1325,#1280,#1349,.T.);
#1349 = LINE('',#1350,#1351);
#1350 = CARTESIAN_POINT('',(2.85E+03,250.,440.));
#1351 = VECTOR('',#1352,1.);
#1352 = DIRECTION('',(0.,0.,-1.));
#1353 = ORIENTED_EDGE('',*,*,#1324,.F.);
#1354 = B_SPLINE_SURFACE_WITH_KNOTS('',1,1,(
    (#1355,#1356)
    ,(#1357,#1358
    )),.UNSPECIFIED.,.F.,.F.,.F.,(2,2),(2,2),(0.,365.),(0.,1.),
  .PIECEWISE_BEZIER_KNOTS.);
#1355 = CARTESIAN_POINT('',(2.25E+03,220.,500.));
#1356 = CARTESIAN_POINT('',(2.85E+03,250.,440.));
#1357 = CARTESIAN_POINT('',(2.25E+03,220.,135.));
#1358 = CARTESIAN_POINT('',(2.85E+03,250.,135.));
#1359 = ADVANCED_FACE('',(#1360),#1383,.T.);
#1360 = FACE_BOUND('',#1361,.T.);
#1361 = EDGE_LOOP('',(#1362,#1363,#1370,#1378));
#1362 = ORIENTED_EDGE('',*,*,#1279,.T.);
#1363 = ORIENTED_EDGE('',*,*,#1364,.T.);
#1364 = EDGE_CURVE('',#1273,#1365,#1367,.T.);
#1365 = VERTEX_POINT('',#1366);
#1366 = CARTESIAN_POINT('',(3.4E+03,510.,135.));
#1367 = B_SPLINE_CURVE_WITH_KNOTS('',1,(#1368,#1369),.UNSPECIFIED.,.F.,
  .F.,(2,2),(0.,1.),.PIECEWISE_BEZIER_KNOTS.);
#1368 = CARTESIAN_POINT('',(2.85E+03,610.,135.));
#1369 = CARTESIAN_POINT('',(3.4E+03,510.,135.));
#1370 = ORIENTED_EDGE('',*,*,#1371,.F.);
#1371 = EDGE_CURVE('',#1372,#1365,#1374,.T.);
#1372 = VERTEX_POINT('',#1373);
#1373 = CARTESIAN_POINT('',(3.4E+03,350.,135.));
#1374 = LINE('',#1375,#1376);
#1375 = CARTESIAN_POINT('',(3.4E+03,350.,135.));
#1376 = VECTOR('',#1377,1.);
#1377 = DIRECTION('',(0.,1.,0.));
#1378 = ORIENTED_EDGE('',*,*,#1379,.F.);
#1379 = EDGE_CURVE('',#1280,#1372,#1380,.T.);
#1380 = B_SPLINE_CURVE_WITH_KNOTS('',1,(#1381,#1382),.UNSPECIFIED.,.F.,
  .F.,(2,2),(0.,1.),.PIECEWISE_BEZIER_KNOTS.);
#1381 = CARTESIAN_POINT('',(2.85E+03,250.,135.));
#1382 = CARTESIAN_POINT('',(3.4E+03,350.,135.));
#1383 = B_SPLINE_SURFACE_WITH_KNOTS('',1,1,(
    (#1384,#1385)
    ,(#1386,#1387
    )),.UNSPECIFIED.,.F.,.F.,.F.,(2,2),(2,2),(0.,360.),(0.,1.),
  .PIECEWISE_BEZIER_KNOTS.);
#1384 = CARTESIAN_POINT('',(2.85E+03,250.,135.));
#1385 = CARTESIAN_POINT('',(3.4E+03,350.,135.));
#1386 = CARTESIAN_POINT('',(2.85E+03,610.,135.));
#1387 = CARTESIAN_POINT('',(3.4E+03,510.,135.));
#1388 = ADVANCED_FACE('',(#1389),#1406,.T.);
#1389 = FACE_BOUND('',#1390,.T.);
#1390 = EDGE_LOOP('',(#1391,#1392,#1399,#1405));
#1391 = ORIENTED_EDGE('',*,*,#1308,.T.);
#1392 = ORIENTED_EDGE('',*,*,#1393,.T.);
#1393 = EDGE_CURVE('',#1302,#1394,#1396,.T.);
#1394 = VERTEX_POINT('',#1395);
#1395 = CARTESIAN_POINT('',(3.4E+03,510.,260.));
#1396 = B_SPLINE_CURVE_WITH_KNOTS('',1,(#1397,#1398),.UNSPECIFIED.,.F.,
  .F.,(2,2),(0.,1.),.PIECEWISE_BEZIER_KNOTS.);
#1397 = CARTESIAN_POINT('',(2.85E+03,610.,440.));
#1398 = CARTESIAN_POINT('',(3.4E+03,510.,260.));
#1399 = ORIENTED_EDGE('',*,*,#1400,.F.);
#1400 = EDGE_CURVE('',#1365,#1394,#1401,.T.);
#1401 = LINE('',#1402,#1403);
#1402 = CARTESIAN_POINT('',(3.4E+03,510.,135.));
#1403 = VECTOR('',#1404,1.);
#1404 = DIRECTION('',(0.,0.,1.));
#1405 = ORIENTED_EDGE('',*,*,#1364,.F.);
#1406 = B_SPLINE_SURFACE_WITH_KNOTS('',1,1,(
    (#1407,#1408)
    ,(#1409,#1410
    )),.UNSPECIFIED.,.F.,.F.,.F.,(2,2),(2,2),(0.,305.),(0.,1.),
  .PIECEWISE_BEZIER_KNOTS.);
#1407 = CARTESIAN_POINT('',(2.85E+03,610.,135.));
#1408 = CARTESIAN_POINT('',(3.4E+03,510.,135.));
#1409 = CARTESIAN_POINT('',(2.85E+03,610.,440.));
#1410 = CARTESIAN_POINT('',(3.4E+03,510.,260.));
#1411 = ADVANCED_FACE('',(#1412),#1429,.T.);
#1412 = FACE_BOUND('',#1413,.T.);
#1413 = EDGE_LOOP('',(#1414,#1415,#1422,#1428));
#1414 = ORIENTED_EDGE('',*,*,#1331,.T.);
#1415 = ORIENTED_EDGE('',*,*,#1416,.T.);
#1416 = EDGE_CURVE('',#1325,#1417,#1419,.T.);
#1417 = VERTEX_POINT('',#1418);
#1418 = CARTESIAN_POINT('',(3.4E+03,350.,260.));
#1419 = B_SPLINE_CURVE_WITH_KNOTS('',1,(#1420,#1421),.UNSPECIFIED.,.F.,
  .F.,(2,2),(0.,1.),.PIECEWISE_BEZIER_KNOTS.);
#1420 = CARTESIAN_POINT('',(2.85E+03,250.,440.));
#1421 = CARTESIAN_POINT('',(3.4E+03,350.,260.));
#1422 = ORIENTED_EDGE('',*,*,#1423,.F.);
#1423 = EDGE_CURVE('',#1394,#1417,#1424,.T.);
#1424 = LINE('',#1425,#1426);
#1425 = CARTESIAN_POINT('',(3.4E+03,510.,260.));
#1426 = VECTOR('',#1427,1.);
#1427 = DIRECTION('',(0.,-1.,0.));
#1428 = ORIENTED_EDGE('',*,*,#1393,.F.);
#1429 = B_SPLINE_SURFACE_WITH_KNOTS('',1,1,(
    (#1430,#1431)
    ,(#1432,#1433
    )),.UNSPECIFIED.,.F.,.F.,.F.,(2,2),(2,2),(0.,360.),(0.,1.),
  .PIECEWISE_BEZIER_KNOTS.);
#1430 = CARTESIAN_POINT('',(2.85E+03,610.,440.));
#1431 = CARTESIAN_POINT('',(3.4E+03,510.,260.));
#1432 = CARTESIAN_POINT('',(2.85E+03,250.,440.));
#1433 = CARTESIAN_POINT('',(3.4E+03,350.,260.));
#1434 = ADVANCED_FACE('',(#1435),#1446,.T.);
#1435 = FACE_BOUND('',#1436,.T.);
#1436 = EDGE_LOOP('',(#1437,#1438,#1439,#1445));
#1437 = ORIENTED_EDGE('',*,*,#1348,.T.);
#1438 = ORIENTED_EDGE('',*,*,#1379,.T.);
#1439 = ORIENTED_EDGE('',*,*,#1440,.F.);
#1440 = EDGE_CURVE('',#1417,#1372,#1441,.T.);
#1441 = LINE('',#1442,#1443);
#1442 = CARTESIAN_POINT('',(3.4E+03,350.,260.));
#1443 = VECTOR('',#1444,1.);
#1444 = DIRECTION('',(0.,0.,-1.));
#1445 = ORIENTED_EDGE('',*,*,#1416,.F.);
#1446 = B_SPLINE_SURFACE_WITH_KNOTS('',1,1,(
    (#1447,#1448)
    ,(#1449,#1450
    )),.UNSPECIFIED.,.F.,.F.,.F.,(2,2),(2,2),(0.,305.),(0.,1.),
  .PIECEWISE_BEZIER_KNOTS.);
#1447 = CARTESIAN_POINT('',(2.85E+03,250.,440.));
#1448 = CARTESIAN_POINT('',(3.4E+03,350.,260.));
#1449 = CARTESIAN_POINT('',(2.85E+03,250.,135.));
#1450 = CARTESIAN_POINT('',(3.4E+03,350.,135.));
#1451 = ADVANCED_FACE('',(#1452),#1458,.T.);
#1452 = FACE_BOUND('',#1453,.F.);
#1453 = EDGE_LOOP('',(#1454,#1455,#1456,#1457));
#1454 = ORIENTED_EDGE('',*,*,#1151,.T.);
#1455 = ORIENTED_EDGE('',*,*,#1189,.T.);
#1456 = ORIENTED_EDGE('',*,*,#1219,.T.);
#1457 = ORIENTED_EDGE('',*,*,#1249,.T.);
#1458 = PLANE('',#1459);
#1459 = AXIS2_PLACEMENT_3D('',#1460,#1461,#1462);
#1460 = CARTESIAN_POINT('',(1.95E+03,250.,135.));
#1461 = DIRECTION('',(-1.,0.,0.));
#1462 = DIRECTION('',(0.,0.794671007392,0.607040352869));
#1463 = ADVANCED_FACE('',(#1464),#1470,.F.);
#1464 = FACE_BOUND('',#1465,.T.);
#1465 = EDGE_LOOP('',(#1466,#1467,#1468,#1469));
#1466 = ORIENTED_EDGE('',*,*,#1371,.T.);
#1467 = ORIENTED_EDGE('',*,*,#1400,.T.);
#1468 = ORIENTED_EDGE('',*,*,#1423,.T.);
#1469 = ORIENTED_EDGE('',*,*,#1440,.T.);
#1470 = PLANE('',#1471);
#1471 = AXIS2_PLACEMENT_3D('',#1472,#1473,#1474);
#1472 = CARTESIAN_POINT('',(3.4E+03,350.,135.));
#1473 = DIRECTION('',(-1.,0.,0.));
#1474 = DIRECTION('',(0.,0.788024373725,0.615644041972));
#1475 = MANIFOLD_SOLID_BREP('',#1476);
#1476 = CLOSED_SHELL('',(#1477,#1515,#1545,#1575,#1597,#1626,#1649,#1672
    ,#1689,#1718,#1741,#1764,#1781,#1793));
#1477 = ADVANCED_FACE('',(#1478),#1510,.T.);
#1478 = FACE_BOUND('',#1479,.T.);
#1479 = EDGE_LOOP('',(#1480,#1490,#1497,#1505));
#1480 = ORIENTED_EDGE('',*,*,#1481,.T.);
#1481 = EDGE_CURVE('',#1482,#1484,#1486,.T.);
#1482 = VERTEX_POINT('',#1483);
#1483 = CARTESIAN_POINT('',(1.95E+03,-610.,135.));
#1484 = VERTEX_POINT('',#1485);
#1485 = CARTESIAN_POINT('',(1.95E+03,-250.,135.));
#1486 = LINE('',#1487,#1488);
#1487 = CARTESIAN_POINT('',(1.95E+03,-610.,135.));
#1488 = VECTOR('',#1489,1.);
#1489 = DIRECTION('',(0.,1.,0.));
#1490 = ORIENTED_EDGE('',*,*,#1491,.T.);
#1491 = EDGE_CURVE('',#1484,#1492,#1494,.T.);
#1492 = VERTEX_POINT('',#1493);
#1493 = CARTESIAN_POINT('',(2.25E+03,-220.,135.));
#1494 = B_SPLINE_CURVE_WITH_KNOTS('',1,(#1495,#1496),.UNSPECIFIED.,.F.,
  .F.,(2,2),(0.,1.),.PIECEWISE_BEZIER_KNOTS.);
#1495 = CARTESIAN_POINT('',(1.95E+03,-250.,135.));
#1496 = CARTESIAN_POINT('',(2.25E+03,-220.,135.));
#1497 = ORIENTED_EDGE('',*,*,#1498,.F.);
#1498 = EDGE_CURVE('',#1499,#1492,#1501,.T.);
#1499 = VERTEX_POINT('',#1500);
#1500 = CARTESIAN_POINT('',(2.25E+03,-640.,135.));
#1501 = LINE('',#1502,#1503);
#1502 = CARTESIAN_POINT('',(2.25E+03,-640.,135.));
#1503 = VECTOR('',#1504,1.);
#1504 = DIRECTION('',(0.,1.,0.));
#1505 = ORIENTED_EDGE('',*,*,#1506,.F.);
#1506 = EDGE_CURVE('',#1482,#1499,#1507,.T.);
#1507 = B_SPLINE_CURVE_WITH_KNOTS('',1,(#1508,#1509),.UNSPECIFIED.,.F.,
  .F.,(2,2),(0.,1.),.PIECEWISE_BEZIER_KNOTS.);
#1508 = CARTESIAN_POINT('',(1.95E+03,-610.,135.));
#1509 = CARTESIAN_POINT('',(2.25E+03,-640.,135.));
#1510 = B_SPLINE_SURFACE_WITH_KNOTS('',1,1,(
    (#1511,#1512)
    ,(#1513,#1514
    )),.UNSPECIFIED.,.F.,.F.,.F.,(2,2),(2,2),(0.,420.),(0.,1.),
  .PIECEWISE_BEZIER_KNOTS.);
#1511 = CARTESIAN_POINT('',(1.95E+03,-610.,135.));
#1512 = CARTESIAN_POINT('',(2.25E+03,-640.,135.));
#1513 = CARTESIAN_POINT('',(1.95E+03,-250.,135.));
#1514 = CARTESIAN_POINT('',(2.25E+03,-220.,135.));
#1515 = ADVANCED_FACE('',(#1516),#1540,.T.);
#1516 = FACE_BOUND('',#1517,.T.);
#1517 = EDGE_LOOP('',(#1518,#1526,#1533,#1539));
#1518 = ORIENTED_EDGE('',*,*,#1519,.T.);
#1519 = EDGE_CURVE('',#1484,#1520,#1522,.T.);
#1520 = VERTEX_POINT('',#1521);
#1521 = CARTESIAN_POINT('',(1.95E+03,-250.,410.));
#1522 = LINE('',#1523,#1524);
#1523 = CARTESIAN_POINT('',(1.95E+03,-250.,135.));
#1524 = VECTOR('',#1525,1.);
#1525 = DIRECTION('',(0.,0.,1.));
#1526 = ORIENTED_EDGE('',*,*,#1527,.T.);
#1527 = EDGE_CURVE('',#1520,#1528,#1530,.T.);
#1528 = VERTEX_POINT('',#1529);
#1529 = CARTESIAN_POINT('',(2.25E+03,-220.,500.));
#1530 = B_SPLINE_CURVE_WITH_KNOTS('',1,(#1531,#1532),.UNSPECIFIED.,.F.,
  .F.,(2,2),(0.,1.),.PIECEWISE_BEZIER_KNOTS.);
#1531 = CARTESIAN_POINT('',(1.95E+03,-250.,410.));
#1532 = CARTESIAN_POINT('',(2.25E+03,-220.,500.));
#1533 = ORIENTED_EDGE('',*,*,#1534,.F.);
#1534 = EDGE_CURVE('',#1492,#1528,#1535,.T.);
#1535 = LINE('',#1536,#1537);
#1536 = CARTESIAN_POINT('',(2.25E+03,-220.,135.));
#1537 = VECTOR('',#1538,1.);
#1538 = DIRECTION('',(0.,0.,1.));
#1539 = ORIENTED_EDGE('',*,*,#1491,.F.);
#1540 = B_SPLINE_SURFACE_WITH_KNOTS('',1,1,(
    (#1541,#1542)
    ,(#1543,#1544
    )),.UNSPECIFIED.,.F.,.F.,.F.,(2,2),(2,2),(0.,365.),(0.,1.),
  .PIECEWISE_BEZIER_KNOTS.);
#1541 = CARTESIAN_POINT('',(1.95E+03,-250.,135.));
#1542 = CARTESIAN_POINT('',(2.25E+03,-220.,135.));
#1543 = CARTESIAN_POINT('',(1.95E+03,-250.,410.));
#1544 = CARTESIAN_POINT('',(2.25E+03,-220.,500.));
#1545 = ADVANCED_FACE('',(#1546),#1570,.T.);
#1546 = FACE_BOUND('',#1547,.T.);
#1547 = EDGE_LOOP('',(#1548,#1556,#1563,#1569));
#1548 = ORIENTED_EDGE('',*,*,#1549,.T.);
#1549 = EDGE_CURVE('',#1520,#1550,#1552,.T.);
#1550 = VERTEX_POINT('',#1551);
#1551 = CARTESIAN_POINT('',(1.95E+03,-610.,410.));
#1552 = LINE('',#1553,#1554);
#1553 = CARTESIAN_POINT('',(1.95E+03,-250.,410.));
#1554 = VECTOR('',#1555,1.);
#1555 = DIRECTION('',(0.,-1.,0.));
#1556 = ORIENTED_EDGE('',*,*,#1557,.T.);
#1557 = EDGE_CURVE('',#1550,#1558,#1560,.T.);
#1558 = VERTEX_POINT('',#1559);
#1559 = CARTESIAN_POINT('',(2.25E+03,-640.,500.));
#1560 = B_SPLINE_CURVE_WITH_KNOTS('',1,(#1561,#1562),.UNSPECIFIED.,.F.,
  .F.,(2,2),(0.,1.),.PIECEWISE_BEZIER_KNOTS.);
#1561 = CARTESIAN_POINT('',(1.95E+03,-610.,410.));
#1562 = CARTESIAN_POINT('',(2.25E+03,-640.,500.));
#1563 = ORIENTED_EDGE('',*,*,#1564,.F.);
#1564 = EDGE_CURVE('',#1528,#1558,#1565,.T.);
#1565 = LINE('',#1566,#1567);
#1566 = CARTESIAN_POINT('',(2.25E+03,-220.,500.));
#1567 = VECTOR('',#1568,1.);
#1568 = DIRECTION('',(0.,-1.,0.));
#1569 = ORIENTED_EDGE('',*,*,#1527,.F.);
#1570 = B_SPLINE_SURFACE_WITH_KNOTS('',1,1,(
    (#1571,#1572)
    ,(#1573,#1574
    )),.UNSPECIFIED.,.F.,.F.,.F.,(2,2),(2,2),(0.,420.),(0.,1.),
  .PIECEWISE_BEZIER_KNOTS.);
#1571 = CARTESIAN_POINT('',(1.95E+03,-250.,410.));
#1572 = CARTESIAN_POINT('',(2.25E+03,-220.,500.));
#1573 = CARTESIAN_POINT('',(1.95E+03,-610.,410.));
#1574 = CARTESIAN_POINT('',(2.25E+03,-640.,500.));
#1575 = ADVANCED_FACE('',(#1576),#1592,.T.);
#1576 = FACE_BOUND('',#1577,.T.);
#1577 = EDGE_LOOP('',(#1578,#1584,#1585,#1591));
#1578 = ORIENTED_EDGE('',*,*,#1579,.T.);
#1579 = EDGE_CURVE('',#1550,#1482,#1580,.T.);
#1580 = LINE('',#1581,#1582);
#1581 = CARTESIAN_POINT('',(1.95E+03,-610.,410.));
#1582 = VECTOR('',#1583,1.);
#1583 = DIRECTION('',(0.,0.,-1.));
#1584 = ORIENTED_EDGE('',*,*,#1506,.T.);
#1585 = ORIENTED_EDGE('',*,*,#1586,.F.);
#1586 = EDGE_CURVE('',#1558,#1499,#1587,.T.);
#1587 = LINE('',#1588,#1589);
#1588 = CARTESIAN_POINT('',(2.25E+03,-640.,500.));
#1589 = VECTOR('',#1590,1.);
#1590 = DIRECTION('',(0.,0.,-1.));
#1591 = ORIENTED_EDGE('',*,*,#1557,.F.);
#1592 = B_SPLINE_SURFACE_WITH_KNOTS('',1,1,(
    (#1593,#1594)
    ,(#1595,#1596
    )),.UNSPECIFIED.,.F.,.F.,.F.,(2,2),(2,2),(0.,365.),(0.,1.),
  .PIECEWISE_BEZIER_KNOTS.);
#1593 = CARTESIAN_POINT('',(1.95E+03,-610.,410.));
#1594 = CARTESIAN_POINT('',(2.25E+03,-640.,500.));
#1595 = CARTESIAN_POINT('',(1.95E+03,-610.,135.));
#1596 = CARTESIAN_POINT('',(2.25E+03,-640.,135.));
#1597 = ADVANCED_FACE('',(#1598),#1621,.T.);
#1598 = FACE_BOUND('',#1599,.T.);
#1599 = EDGE_LOOP('',(#1600,#1601,#1608,#1616));
#1600 = ORIENTED_EDGE('',*,*,#1498,.T.);
#1601 = ORIENTED_EDGE('',*,*,#1602,.T.);
#1602 = EDGE_CURVE('',#1492,#1603,#1605,.T.);
#1603 = VERTEX_POINT('',#1604);
#1604 = CARTESIAN_POINT('',(2.85E+03,-250.,135.));
#1605 = B_SPLINE_CURVE_WITH_KNOTS('',1,(#1606,#1607),.UNSPECIFIED.,.F.,
  .F.,(2,2),(0.,1.),.PIECEWISE_BEZIER_KNOTS.);
#1606 = CARTESIAN_POINT('',(2.25E+03,-220.,135.));
#1607 = CARTESIAN_POINT('',(2.85E+03,-250.,135.));
#1608 = ORIENTED_EDGE('',*,*,#1609,.F.);
#1609 = EDGE_CURVE('',#1610,#1603,#1612,.T.);
#1610 = VERTEX_POINT('',#1611);
#1611 = CARTESIAN_POINT('',(2.85E+03,-610.,135.));
#1612 = LINE('',#1613,#1614);
#1613 = CARTESIAN_POINT('',(2.85E+03,-610.,135.));
#1614 = VECTOR('',#1615,1.);
#1615 = DIRECTION('',(0.,1.,0.));
#1616 = ORIENTED_EDGE('',*,*,#1617,.F.);
#1617 = EDGE_CURVE('',#1499,#1610,#1618,.T.);
#1618 = B_SPLINE_CURVE_WITH_KNOTS('',1,(#1619,#1620),.UNSPECIFIED.,.F.,
  .F.,(2,2),(0.,1.),.PIECEWISE_BEZIER_KNOTS.);
#1619 = CARTESIAN_POINT('',(2.25E+03,-640.,135.));
#1620 = CARTESIAN_POINT('',(2.85E+03,-610.,135.));
#1621 = B_SPLINE_SURFACE_WITH_KNOTS('',1,1,(
    (#1622,#1623)
    ,(#1624,#1625
    )),.UNSPECIFIED.,.F.,.F.,.F.,(2,2),(2,2),(0.,420.),(0.,1.),
  .PIECEWISE_BEZIER_KNOTS.);
#1622 = CARTESIAN_POINT('',(2.25E+03,-640.,135.));
#1623 = CARTESIAN_POINT('',(2.85E+03,-610.,135.));
#1624 = CARTESIAN_POINT('',(2.25E+03,-220.,135.));
#1625 = CARTESIAN_POINT('',(2.85E+03,-250.,135.));
#1626 = ADVANCED_FACE('',(#1627),#1644,.T.);
#1627 = FACE_BOUND('',#1628,.T.);
#1628 = EDGE_LOOP('',(#1629,#1630,#1637,#1643));
#1629 = ORIENTED_EDGE('',*,*,#1534,.T.);
#1630 = ORIENTED_EDGE('',*,*,#1631,.T.);
#1631 = EDGE_CURVE('',#1528,#1632,#1634,.T.);
#1632 = VERTEX_POINT('',#1633);
#1633 = CARTESIAN_POINT('',(2.85E+03,-250.,440.));
#1634 = B_SPLINE_CURVE_WITH_KNOTS('',1,(#1635,#1636),.UNSPECIFIED.,.F.,
  .F.,(2,2),(0.,1.),.PIECEWISE_BEZIER_KNOTS.);
#1635 = CARTESIAN_POINT('',(2.25E+03,-220.,500.));
#1636 = CARTESIAN_POINT('',(2.85E+03,-250.,440.));
#1637 = ORIENTED_EDGE('',*,*,#1638,.F.);
#1638 = EDGE_CURVE('',#1603,#1632,#1639,.T.);
#1639 = LINE('',#1640,#1641);
#1640 = CARTESIAN_POINT('',(2.85E+03,-250.,135.));
#1641 = VECTOR('',#1642,1.);
#1642 = DIRECTION('',(0.,0.,1.));
#1643 = ORIENTED_EDGE('',*,*,#1602,.F.);
#1644 = B_SPLINE_SURFACE_WITH_KNOTS('',1,1,(
    (#1645,#1646)
    ,(#1647,#1648
    )),.UNSPECIFIED.,.F.,.F.,.F.,(2,2),(2,2),(0.,365.),(0.,1.),
  .PIECEWISE_BEZIER_KNOTS.);
#1645 = CARTESIAN_POINT('',(2.25E+03,-220.,135.));
#1646 = CARTESIAN_POINT('',(2.85E+03,-250.,135.));
#1647 = CARTESIAN_POINT('',(2.25E+03,-220.,500.));
#1648 = CARTESIAN_POINT('',(2.85E+03,-250.,440.));
#1649 = ADVANCED_FACE('',(#1650),#1667,.T.);
#1650 = FACE_BOUND('',#1651,.T.);
#1651 = EDGE_LOOP('',(#1652,#1653,#1660,#1666));
#1652 = ORIENTED_EDGE('',*,*,#1564,.T.);
#1653 = ORIENTED_EDGE('',*,*,#1654,.T.);
#1654 = EDGE_CURVE('',#1558,#1655,#1657,.T.);
#1655 = VERTEX_POINT('',#1656);
#1656 = CARTESIAN_POINT('',(2.85E+03,-610.,440.));
#1657 = B_SPLINE_CURVE_WITH_KNOTS('',1,(#1658,#1659),.UNSPECIFIED.,.F.,
  .F.,(2,2),(0.,1.),.PIECEWISE_BEZIER_KNOTS.);
#1658 = CARTESIAN_POINT('',(2.25E+03,-640.,500.));
#1659 = CARTESIAN_POINT('',(2.85E+03,-610.,440.));
#1660 = ORIENTED_EDGE('',*,*,#1661,.F.);
#1661 = EDGE_CURVE('',#1632,#1655,#1662,.T.);
#1662 = LINE('',#1663,#1664);
#1663 = CARTESIAN_POINT('',(2.85E+03,-250.,440.));
#1664 = VECTOR('',#1665,1.);
#1665 = DIRECTION('',(0.,-1.,0.));
#1666 = ORIENTED_EDGE('',*,*,#1631,.F.);
#1667 = B_SPLINE_SURFACE_WITH_KNOTS('',1,1,(
    (#1668,#1669)
    ,(#1670,#1671
    )),.UNSPECIFIED.,.F.,.F.,.F.,(2,2),(2,2),(0.,420.),(0.,1.),
  .PIECEWISE_BEZIER_KNOTS.);
#1668 = CARTESIAN_POINT('',(2.25E+03,-220.,500.));
#1669 = CARTESIAN_POINT('',(2.85E+03,-250.,440.));
#1670 = CARTESIAN_POINT('',(2.25E+03,-640.,500.));
#1671 = CARTESIAN_POINT('',(2.85E+03,-610.,440.));
#1672 = ADVANCED_FACE('',(#1673),#1684,.T.);
#1673 = FACE_BOUND('',#1674,.T.);
#1674 = EDGE_LOOP('',(#1675,#1676,#1677,#1683));
#1675 = ORIENTED_EDGE('',*,*,#1586,.T.);
#1676 = ORIENTED_EDGE('',*,*,#1617,.T.);
#1677 = ORIENTED_EDGE('',*,*,#1678,.F.);
#1678 = EDGE_CURVE('',#1655,#1610,#1679,.T.);
#1679 = LINE('',#1680,#1681);
#1680 = CARTESIAN_POINT('',(2.85E+03,-610.,440.));
#1681 = VECTOR('',#1682,1.);
#1682 = DIRECTION('',(0.,0.,-1.));
#1683 = ORIENTED_EDGE('',*,*,#1654,.F.);
#1684 = B_SPLINE_SURFACE_WITH_KNOTS('',1,1,(
    (#1685,#1686)
    ,(#1687,#1688
    )),.UNSPECIFIED.,.F.,.F.,.F.,(2,2),(2,2),(0.,365.),(0.,1.),
  .PIECEWISE_BEZIER_KNOTS.);
#1685 = CARTESIAN_POINT('',(2.25E+03,-640.,500.));
#1686 = CARTESIAN_POINT('',(2.85E+03,-610.,440.));
#1687 = CARTESIAN_POINT('',(2.25E+03,-640.,135.));
#1688 = CARTESIAN_POINT('',(2.85E+03,-610.,135.));
#1689 = ADVANCED_FACE('',(#1690),#1713,.T.);
#1690 = FACE_BOUND('',#1691,.T.);
#1691 = EDGE_LOOP('',(#1692,#1693,#1700,#1708));
#1692 = ORIENTED_EDGE('',*,*,#1609,.T.);
#1693 = ORIENTED_EDGE('',*,*,#1694,.T.);
#1694 = EDGE_CURVE('',#1603,#1695,#1697,.T.);
#1695 = VERTEX_POINT('',#1696);
#1696 = CARTESIAN_POINT('',(3.4E+03,-350.,135.));
#1697 = B_SPLINE_CURVE_WITH_KNOTS('',1,(#1698,#1699),.UNSPECIFIED.,.F.,
  .F.,(2,2),(0.,1.),.PIECEWISE_BEZIER_KNOTS.);
#1698 = CARTESIAN_POINT('',(2.85E+03,-250.,135.));
#1699 = CARTESIAN_POINT('',(3.4E+03,-350.,135.));
#1700 = ORIENTED_EDGE('',*,*,#1701,.F.);
#1701 = EDGE_CURVE('',#1702,#1695,#1704,.T.);
#1702 = VERTEX_POINT('',#1703);
#1703 = CARTESIAN_POINT('',(3.4E+03,-510.,135.));
#1704 = LINE('',#1705,#1706);
#1705 = CARTESIAN_POINT('',(3.4E+03,-510.,135.));
#1706 = VECTOR('',#1707,1.);
#1707 = DIRECTION('',(0.,1.,0.));
#1708 = ORIENTED_EDGE('',*,*,#1709,.F.);
#1709 = EDGE_CURVE('',#1610,#1702,#1710,.T.);
#1710 = B_SPLINE_CURVE_WITH_KNOTS('',1,(#1711,#1712),.UNSPECIFIED.,.F.,
  .F.,(2,2),(0.,1.),.PIECEWISE_BEZIER_KNOTS.);
#1711 = CARTESIAN_POINT('',(2.85E+03,-610.,135.));
#1712 = CARTESIAN_POINT('',(3.4E+03,-510.,135.));
#1713 = B_SPLINE_SURFACE_WITH_KNOTS('',1,1,(
    (#1714,#1715)
    ,(#1716,#1717
    )),.UNSPECIFIED.,.F.,.F.,.F.,(2,2),(2,2),(0.,360.),(0.,1.),
  .PIECEWISE_BEZIER_KNOTS.);
#1714 = CARTESIAN_POINT('',(2.85E+03,-610.,135.));
#1715 = CARTESIAN_POINT('',(3.4E+03,-510.,135.));
#1716 = CARTESIAN_POINT('',(2.85E+03,-250.,135.));
#1717 = CARTESIAN_POINT('',(3.4E+03,-350.,135.));
#1718 = ADVANCED_FACE('',(#1719),#1736,.T.);
#1719 = FACE_BOUND('',#1720,.T.);
#1720 = EDGE_LOOP('',(#1721,#1722,#1729,#1735));
#1721 = ORIENTED_EDGE('',*,*,#1638,.T.);
#1722 = ORIENTED_EDGE('',*,*,#1723,.T.);
#1723 = EDGE_CURVE('',#1632,#1724,#1726,.T.);
#1724 = VERTEX_POINT('',#1725);
#1725 = CARTESIAN_POINT('',(3.4E+03,-350.,260.));
#1726 = B_SPLINE_CURVE_WITH_KNOTS('',1,(#1727,#1728),.UNSPECIFIED.,.F.,
  .F.,(2,2),(0.,1.),.PIECEWISE_BEZIER_KNOTS.);
#1727 = CARTESIAN_POINT('',(2.85E+03,-250.,440.));
#1728 = CARTESIAN_POINT('',(3.4E+03,-350.,260.));
#1729 = ORIENTED_EDGE('',*,*,#1730,.F.);
#1730 = EDGE_CURVE('',#1695,#1724,#1731,.T.);
#1731 = LINE('',#1732,#1733);
#1732 = CARTESIAN_POINT('',(3.4E+03,-350.,135.));
#1733 = VECTOR('',#1734,1.);
#1734 = DIRECTION('',(0.,0.,1.));
#1735 = ORIENTED_EDGE('',*,*,#1694,.F.);
#1736 = B_SPLINE_SURFACE_WITH_KNOTS('',1,1,(
    (#1737,#1738)
    ,(#1739,#1740
    )),.UNSPECIFIED.,.F.,.F.,.F.,(2,2),(2,2),(0.,305.),(0.,1.),
  .PIECEWISE_BEZIER_KNOTS.);
#1737 = CARTESIAN_POINT('',(2.85E+03,-250.,135.));
#1738 = CARTESIAN_POINT('',(3.4E+03,-350.,135.));
#1739 = CARTESIAN_POINT('',(2.85E+03,-250.,440.));
#1740 = CARTESIAN_POINT('',(3.4E+03,-350.,260.));
#1741 = ADVANCED_FACE('',(#1742),#1759,.T.);
#1742 = FACE_BOUND('',#1743,.T.);
#1743 = EDGE_LOOP('',(#1744,#1745,#1752,#1758));
#1744 = ORIENTED_EDGE('',*,*,#1661,.T.);
#1745 = ORIENTED_EDGE('',*,*,#1746,.T.);
#1746 = EDGE_CURVE('',#1655,#1747,#1749,.T.);
#1747 = VERTEX_POINT('',#1748);
#1748 = CARTESIAN_POINT('',(3.4E+03,-510.,260.));
#1749 = B_SPLINE_CURVE_WITH_KNOTS('',1,(#1750,#1751),.UNSPECIFIED.,.F.,
  .F.,(2,2),(0.,1.),.PIECEWISE_BEZIER_KNOTS.);
#1750 = CARTESIAN_POINT('',(2.85E+03,-610.,440.));
#1751 = CARTESIAN_POINT('',(3.4E+03,-510.,260.));
#1752 = ORIENTED_EDGE('',*,*,#1753,.F.);
#1753 = EDGE_CURVE('',#1724,#1747,#1754,.T.);
#1754 = LINE('',#1755,#1756);
#1755 = CARTESIAN_POINT('',(3.4E+03,-350.,260.));
#1756 = VECTOR('',#1757,1.);
#1757 = DIRECTION('',(0.,-1.,0.));
#1758 = ORIENTED_EDGE('',*,*,#1723,.F.);
#1759 = B_SPLINE_SURFACE_WITH_KNOTS('',1,1,(
    (#1760,#1761)
    ,(#1762,#1763
    )),.UNSPECIFIED.,.F.,.F.,.F.,(2,2),(2,2),(0.,360.),(0.,1.),
  .PIECEWISE_BEZIER_KNOTS.);
#1760 = CARTESIAN_POINT('',(2.85E+03,-250.,440.));
#1761 = CARTESIAN_POINT('',(3.4E+03,-350.,260.));
#1762 = CARTESIAN_POINT('',(2.85E+03,-610.,440.));
#1763 = CARTESIAN_POINT('',(3.4E+03,-510.,260.));
#1764 = ADVANCED_FACE('',(#1765),#1776,.T.);
#1765 = FACE_BOUND('',#1766,.T.);
#1766 = EDGE_LOOP('',(#1767,#1768,#1769,#1775));
#1767 = ORIENTED_EDGE('',*,*,#1678,.T.);
#1768 = ORIENTED_EDGE('',*,*,#1709,.T.);
#1769 = ORIENTED_EDGE('',*,*,#1770,.F.);
#1770 = EDGE_CURVE('',#1747,#1702,#1771,.T.);
#1771 = LINE('',#1772,#1773);
#1772 = CARTESIAN_POINT('',(3.4E+03,-510.,260.));
#1773 = VECTOR('',#1774,1.);
#1774 = DIRECTION('',(0.,0.,-1.));
#1775 = ORIENTED_EDGE('',*,*,#1746,.F.);
#1776 = B_SPLINE_SURFACE_WITH_KNOTS('',1,1,(
    (#1777,#1778)
    ,(#1779,#1780
    )),.UNSPECIFIED.,.F.,.F.,.F.,(2,2),(2,2),(0.,305.),(0.,1.),
  .PIECEWISE_BEZIER_KNOTS.);
#1777 = CARTESIAN_POINT('',(2.85E+03,-610.,440.));
#1778 = CARTESIAN_POINT('',(3.4E+03,-510.,260.));
#1779 = CARTESIAN_POINT('',(2.85E+03,-610.,135.));
#1780 = CARTESIAN_POINT('',(3.4E+03,-510.,135.));
#1781 = ADVANCED_FACE('',(#1782),#1788,.T.);
#1782 = FACE_BOUND('',#1783,.F.);
#1783 = EDGE_LOOP('',(#1784,#1785,#1786,#1787));
#1784 = ORIENTED_EDGE('',*,*,#1481,.T.);
#1785 = ORIENTED_EDGE('',*,*,#1519,.T.);
#1786 = ORIENTED_EDGE('',*,*,#1549,.T.);
#1787 = ORIENTED_EDGE('',*,*,#1579,.T.);
#1788 = PLANE('',#1789);
#1789 = AXIS2_PLACEMENT_3D('',#1790,#1791,#1792);
#1790 = CARTESIAN_POINT('',(1.95E+03,-610.,135.));
#1791 = DIRECTION('',(-1.,0.,0.));
#1792 = DIRECTION('',(0.,0.794671007392,0.607040352869));
#1793 = ADVANCED_FACE('',(#1794),#1800,.F.);
#1794 = FACE_BOUND('',#1795,.T.);
#1795 = EDGE_LOOP('',(#1796,#1797,#1798,#1799));
#1796 = ORIENTED_EDGE('',*,*,#1701,.T.);
#1797 = ORIENTED_EDGE('',*,*,#1730,.T.);
#1798 = ORIENTED_EDGE('',*,*,#1753,.T.);
#1799 = ORIENTED_EDGE('',*,*,#1770,.T.);
#1800 = PLANE('',#1801);
#1801 = AXIS2_PLACEMENT_3D('',#1802,#1803,#1804);
#1802 = CARTESIAN_POINT('',(3.4E+03,-510.,135.));
#1803 = DIRECTION('',(-1.,0.,0.));
#1804 = DIRECTION('',(0.,0.788024373725,0.615644041972));
#1805 = MANIFOLD_SOLID_BREP('',#1806);
#1806 = CLOSED_SHELL('',(#1807,#1845,#1875,#1905,#1927,#1956,#1979,#2002
    ,#2019,#2048,#2071,#2094,#2111,#2123));
#1807 = ADVANCED_FACE('',(#1808),#1840,.T.);
#1808 = FACE_BOUND('',#1809,.T.);
#1809 = EDGE_LOOP('',(#1810,#1820,#1827,#1835));
#1810 = ORIENTED_EDGE('',*,*,#1811,.T.);
#1811 = EDGE_CURVE('',#1812,#1814,#1816,.T.);
#1812 = VERTEX_POINT('',#1813);
#1813 = CARTESIAN_POINT('',(2.52E+03,-180.,160.));
#1814 = VERTEX_POINT('',#1815);
#1815 = CARTESIAN_POINT('',(2.52E+03,180.,160.));
#1816 = LINE('',#1817,#1818);
#1817 = CARTESIAN_POINT('',(2.52E+03,-180.,160.));
#1818 = VECTOR('',#1819,1.);
#1819 = DIRECTION('',(0.,1.,0.));
#1820 = ORIENTED_EDGE('',*,*,#1821,.T.);
#1821 = EDGE_CURVE('',#1814,#1822,#1824,.T.);
#1822 = VERTEX_POINT('',#1823);
#1823 = CARTESIAN_POINT('',(2.75E+03,220.,150.));
#1824 = B_SPLINE_CURVE_WITH_KNOTS('',1,(#1825,#1826),.UNSPECIFIED.,.F.,
  .F.,(2,2),(0.,1.),.PIECEWISE_BEZIER_KNOTS.);
#1825 = CARTESIAN_POINT('',(2.52E+03,180.,160.));
#1826 = CARTESIAN_POINT('',(2.75E+03,220.,150.));
#1827 = ORIENTED_EDGE('',*,*,#1828,.F.);
#1828 = EDGE_CURVE('',#1829,#1822,#1831,.T.);
#1829 = VERTEX_POINT('',#1830);
#1830 = CARTESIAN_POINT('',(2.75E+03,-220.,150.));
#1831 = LINE('',#1832,#1833);
#1832 = CARTESIAN_POINT('',(2.75E+03,-220.,150.));
#1833 = VECTOR('',#1834,1.);
#1834 = DIRECTION('',(0.,1.,0.));
#1835 = ORIENTED_EDGE('',*,*,#1836,.F.);
#1836 = EDGE_CURVE('',#1812,#1829,#1837,.T.);
#1837 = B_SPLINE_CURVE_WITH_KNOTS('',1,(#1838,#1839),.UNSPECIFIED.,.F.,
  .F.,(2,2),(0.,1.),.PIECEWISE_BEZIER_KNOTS.);
#1838 = CARTESIAN_POINT('',(2.52E+03,-180.,160.));
#1839 = CARTESIAN_POINT('',(2.75E+03,-220.,150.));
#1840 = B_SPLINE_SURFACE_WITH_KNOTS('',1,1,(
    (#1841,#1842)
    ,(#1843,#1844
    )),.UNSPECIFIED.,.F.,.F.,.F.,(2,2),(2,2),(0.,440.),(0.,1.),
  .PIECEWISE_BEZIER_KNOTS.);
#1841 = CARTESIAN_POINT('',(2.52E+03,-180.,160.));
#1842 = CARTESIAN_POINT('',(2.75E+03,-220.,150.));
#1843 = CARTESIAN_POINT('',(2.52E+03,180.,160.));
#1844 = CARTESIAN_POINT('',(2.75E+03,220.,150.));
#1845 = ADVANCED_FACE('',(#1846),#1870,.T.);
#1846 = FACE_BOUND('',#1847,.T.);
#1847 = EDGE_LOOP('',(#1848,#1856,#1863,#1869));
#1848 = ORIENTED_EDGE('',*,*,#1849,.T.);
#1849 = EDGE_CURVE('',#1814,#1850,#1852,.T.);
#1850 = VERTEX_POINT('',#1851);
#1851 = CARTESIAN_POINT('',(2.52E+03,180.,820.));
#1852 = LINE('',#1853,#1854);
#1853 = CARTESIAN_POINT('',(2.52E+03,180.,160.));
#1854 = VECTOR('',#1855,1.);
#1855 = DIRECTION('',(0.,0.,1.));
#1856 = ORIENTED_EDGE('',*,*,#1857,.T.);
#1857 = EDGE_CURVE('',#1850,#1858,#1860,.T.);
#1858 = VERTEX_POINT('',#1859);
#1859 = CARTESIAN_POINT('',(2.75E+03,220.,730.));
#1860 = B_SPLINE_CURVE_WITH_KNOTS('',1,(#1861,#1862),.UNSPECIFIED.,.F.,
  .F.,(2,2),(0.,1.),.PIECEWISE_BEZIER_KNOTS.);
#1861 = CARTESIAN_POINT('',(2.52E+03,180.,820.));
#1862 = CARTESIAN_POINT('',(2.75E+03,220.,730.));
#1863 = ORIENTED_EDGE('',*,*,#1864,.F.);
#1864 = EDGE_CURVE('',#1822,#1858,#1865,.T.);
#1865 = LINE('',#1866,#1867);
#1866 = CARTESIAN_POINT('',(2.75E+03,220.,150.));
#1867 = VECTOR('',#1868,1.);
#1868 = DIRECTION('',(0.,0.,1.));
#1869 = ORIENTED_EDGE('',*,*,#1821,.F.);
#1870 = B_SPLINE_SURFACE_WITH_KNOTS('',1,1,(
    (#1871,#1872)
    ,(#1873,#1874
    )),.UNSPECIFIED.,.F.,.F.,.F.,(2,2),(2,2),(0.,660.),(0.,1.),
  .PIECEWISE_BEZIER_KNOTS.);
#1871 = CARTESIAN_POINT('',(2.52E+03,180.,160.));
#1872 = CARTESIAN_POINT('',(2.75E+03,220.,150.));
#1873 = CARTESIAN_POINT('',(2.52E+03,180.,820.));
#1874 = CARTESIAN_POINT('',(2.75E+03,220.,730.));
#1875 = ADVANCED_FACE('',(#1876),#1900,.T.);
#1876 = FACE_BOUND('',#1877,.T.);
#1877 = EDGE_LOOP('',(#1878,#1886,#1893,#1899));
#1878 = ORIENTED_EDGE('',*,*,#1879,.T.);
#1879 = EDGE_CURVE('',#1850,#1880,#1882,.T.);
#1880 = VERTEX_POINT('',#1881);
#1881 = CARTESIAN_POINT('',(2.52E+03,-180.,820.));
#1882 = LINE('',#1883,#1884);
#1883 = CARTESIAN_POINT('',(2.52E+03,180.,820.));
#1884 = VECTOR('',#1885,1.);
#1885 = DIRECTION('',(0.,-1.,0.));
#1886 = ORIENTED_EDGE('',*,*,#1887,.T.);
#1887 = EDGE_CURVE('',#1880,#1888,#1890,.T.);
#1888 = VERTEX_POINT('',#1889);
#1889 = CARTESIAN_POINT('',(2.75E+03,-220.,730.));
#1890 = B_SPLINE_CURVE_WITH_KNOTS('',1,(#1891,#1892),.UNSPECIFIED.,.F.,
  .F.,(2,2),(0.,1.),.PIECEWISE_BEZIER_KNOTS.);
#1891 = CARTESIAN_POINT('',(2.52E+03,-180.,820.));
#1892 = CARTESIAN_POINT('',(2.75E+03,-220.,730.));
#1893 = ORIENTED_EDGE('',*,*,#1894,.F.);
#1894 = EDGE_CURVE('',#1858,#1888,#1895,.T.);
#1895 = LINE('',#1896,#1897);
#1896 = CARTESIAN_POINT('',(2.75E+03,220.,730.));
#1897 = VECTOR('',#1898,1.);
#1898 = DIRECTION('',(0.,-1.,0.));
#1899 = ORIENTED_EDGE('',*,*,#1857,.F.);
#1900 = B_SPLINE_SURFACE_WITH_KNOTS('',1,1,(
    (#1901,#1902)
    ,(#1903,#1904
    )),.UNSPECIFIED.,.F.,.F.,.F.,(2,2),(2,2),(0.,440.),(0.,1.),
  .PIECEWISE_BEZIER_KNOTS.);
#1901 = CARTESIAN_POINT('',(2.52E+03,180.,820.));
#1902 = CARTESIAN_POINT('',(2.75E+03,220.,730.));
#1903 = CARTESIAN_POINT('',(2.52E+03,-180.,820.));
#1904 = CARTESIAN_POINT('',(2.75E+03,-220.,730.));
#1905 = ADVANCED_FACE('',(#1906),#1922,.T.);
#1906 = FACE_BOUND('',#1907,.T.);
#1907 = EDGE_LOOP('',(#1908,#1914,#1915,#1921));
#1908 = ORIENTED_EDGE('',*,*,#1909,.T.);
#1909 = EDGE_CURVE('',#1880,#1812,#1910,.T.);
#1910 = LINE('',#1911,#1912);
#1911 = CARTESIAN_POINT('',(2.52E+03,-180.,820.));
#1912 = VECTOR('',#1913,1.);
#1913 = DIRECTION('',(0.,0.,-1.));
#1914 = ORIENTED_EDGE('',*,*,#1836,.T.);
#1915 = ORIENTED_EDGE('',*,*,#1916,.F.);
#1916 = EDGE_CURVE('',#1888,#1829,#1917,.T.);
#1917 = LINE('',#1918,#1919);
#1918 = CARTESIAN_POINT('',(2.75E+03,-220.,730.));
#1919 = VECTOR('',#1920,1.);
#1920 = DIRECTION('',(0.,0.,-1.));
#1921 = ORIENTED_EDGE('',*,*,#1887,.F.);
#1922 = B_SPLINE_SURFACE_WITH_KNOTS('',1,1,(
    (#1923,#1924)
    ,(#1925,#1926
    )),.UNSPECIFIED.,.F.,.F.,.F.,(2,2),(2,2),(0.,660.),(0.,1.),
  .PIECEWISE_BEZIER_KNOTS.);
#1923 = CARTESIAN_POINT('',(2.52E+03,-180.,820.));
#1924 = CARTESIAN_POINT('',(2.75E+03,-220.,730.));
#1925 = CARTESIAN_POINT('',(2.52E+03,-180.,160.));
#1926 = CARTESIAN_POINT('',(2.75E+03,-220.,150.));
#1927 = ADVANCED_FACE('',(#1928),#1951,.T.);
#1928 = FACE_BOUND('',#1929,.T.);
#1929 = EDGE_LOOP('',(#1930,#1931,#1938,#1946));
#1930 = ORIENTED_EDGE('',*,*,#1828,.T.);
#1931 = ORIENTED_EDGE('',*,*,#1932,.T.);
#1932 = EDGE_CURVE('',#1822,#1933,#1935,.T.);
#1933 = VERTEX_POINT('',#1934);
#1934 = CARTESIAN_POINT('',(3.25E+03,170.,140.));
#1935 = B_SPLINE_CURVE_WITH_KNOTS('',1,(#1936,#1937),.UNSPECIFIED.,.F.,
  .F.,(2,2),(0.,1.),.PIECEWISE_BEZIER_KNOTS.);
#1936 = CARTESIAN_POINT('',(2.75E+03,220.,150.));
#1937 = CARTESIAN_POINT('',(3.25E+03,170.,140.));
#1938 = ORIENTED_EDGE('',*,*,#1939,.F.);
#1939 = EDGE_CURVE('',#1940,#1933,#1942,.T.);
#1940 = VERTEX_POINT('',#1941);
#1941 = CARTESIAN_POINT('',(3.25E+03,-170.,140.));
#1942 = LINE('',#1943,#1944);
#1943 = CARTESIAN_POINT('',(3.25E+03,-170.,140.));
#1944 = VECTOR('',#1945,1.);
#1945 = DIRECTION('',(0.,1.,0.));
#1946 = ORIENTED_EDGE('',*,*,#1947,.F.);
#1947 = EDGE_CURVE('',#1829,#1940,#1948,.T.);
#1948 = B_SPLINE_CURVE_WITH_KNOTS('',1,(#1949,#1950),.UNSPECIFIED.,.F.,
  .F.,(2,2),(0.,1.),.PIECEWISE_BEZIER_KNOTS.);
#1949 = CARTESIAN_POINT('',(2.75E+03,-220.,150.));
#1950 = CARTESIAN_POINT('',(3.25E+03,-170.,140.));
#1951 = B_SPLINE_SURFACE_WITH_KNOTS('',1,1,(
    (#1952,#1953)
    ,(#1954,#1955
    )),.UNSPECIFIED.,.F.,.F.,.F.,(2,2),(2,2),(0.,440.),(0.,1.),
  .PIECEWISE_BEZIER_KNOTS.);
#1952 = CARTESIAN_POINT('',(2.75E+03,-220.,150.));
#1953 = CARTESIAN_POINT('',(3.25E+03,-170.,140.));
#1954 = CARTESIAN_POINT('',(2.75E+03,220.,150.));
#1955 = CARTESIAN_POINT('',(3.25E+03,170.,140.));
#1956 = ADVANCED_FACE('',(#1957),#1974,.T.);
#1957 = FACE_BOUND('',#1958,.T.);
#1958 = EDGE_LOOP('',(#1959,#1960,#1967,#1973));
#1959 = ORIENTED_EDGE('',*,*,#1864,.T.);
#1960 = ORIENTED_EDGE('',*,*,#1961,.T.);
#1961 = EDGE_CURVE('',#1858,#1962,#1964,.T.);
#1962 = VERTEX_POINT('',#1963);
#1963 = CARTESIAN_POINT('',(3.25E+03,170.,540.));
#1964 = B_SPLINE_CURVE_WITH_KNOTS('',1,(#1965,#1966),.UNSPECIFIED.,.F.,
  .F.,(2,2),(0.,1.),.PIECEWISE_BEZIER_KNOTS.);
#1965 = CARTESIAN_POINT('',(2.75E+03,220.,730.));
#1966 = CARTESIAN_POINT('',(3.25E+03,170.,540.));
#1967 = ORIENTED_EDGE('',*,*,#1968,.F.);
#1968 = EDGE_CURVE('',#1933,#1962,#1969,.T.);
#1969 = LINE('',#1970,#1971);
#1970 = CARTESIAN_POINT('',(3.25E+03,170.,140.));
#1971 = VECTOR('',#1972,1.);
#1972 = DIRECTION('',(0.,0.,1.));
#1973 = ORIENTED_EDGE('',*,*,#1932,.F.);
#1974 = B_SPLINE_SURFACE_WITH_KNOTS('',1,1,(
    (#1975,#1976)
    ,(#1977,#1978
    )),.UNSPECIFIED.,.F.,.F.,.F.,(2,2),(2,2),(0.,580.),(0.,1.),
  .PIECEWISE_BEZIER_KNOTS.);
#1975 = CARTESIAN_POINT('',(2.75E+03,220.,150.));
#1976 = CARTESIAN_POINT('',(3.25E+03,170.,140.));
#1977 = CARTESIAN_POINT('',(2.75E+03,220.,730.));
#1978 = CARTESIAN_POINT('',(3.25E+03,170.,540.));
#1979 = ADVANCED_FACE('',(#1980),#1997,.T.);
#1980 = FACE_BOUND('',#1981,.T.);
#1981 = EDGE_LOOP('',(#1982,#1983,#1990,#1996));
#1982 = ORIENTED_EDGE('',*,*,#1894,.T.);
#1983 = ORIENTED_EDGE('',*,*,#1984,.T.);
#1984 = EDGE_CURVE('',#1888,#1985,#1987,.T.);
#1985 = VERTEX_POINT('',#1986);
#1986 = CARTESIAN_POINT('',(3.25E+03,-170.,540.));
#1987 = B_SPLINE_CURVE_WITH_KNOTS('',1,(#1988,#1989),.UNSPECIFIED.,.F.,
  .F.,(2,2),(0.,1.),.PIECEWISE_BEZIER_KNOTS.);
#1988 = CARTESIAN_POINT('',(2.75E+03,-220.,730.));
#1989 = CARTESIAN_POINT('',(3.25E+03,-170.,540.));
#1990 = ORIENTED_EDGE('',*,*,#1991,.F.);
#1991 = EDGE_CURVE('',#1962,#1985,#1992,.T.);
#1992 = LINE('',#1993,#1994);
#1993 = CARTESIAN_POINT('',(3.25E+03,170.,540.));
#1994 = VECTOR('',#1995,1.);
#1995 = DIRECTION('',(0.,-1.,0.));
#1996 = ORIENTED_EDGE('',*,*,#1961,.F.);
#1997 = B_SPLINE_SURFACE_WITH_KNOTS('',1,1,(
    (#1998,#1999)
    ,(#2000,#2001
    )),.UNSPECIFIED.,.F.,.F.,.F.,(2,2),(2,2),(0.,440.),(0.,1.),
  .PIECEWISE_BEZIER_KNOTS.);
#1998 = CARTESIAN_POINT('',(2.75E+03,220.,730.));
#1999 = CARTESIAN_POINT('',(3.25E+03,170.,540.));
#2000 = CARTESIAN_POINT('',(2.75E+03,-220.,730.));
#2001 = CARTESIAN_POINT('',(3.25E+03,-170.,540.));
#2002 = ADVANCED_FACE('',(#2003),#2014,.T.);
#2003 = FACE_BOUND('',#2004,.T.);
#2004 = EDGE_LOOP('',(#2005,#2006,#2007,#2013));
#2005 = ORIENTED_EDGE('',*,*,#1916,.T.);
#2006 = ORIENTED_EDGE('',*,*,#1947,.T.);
#2007 = ORIENTED_EDGE('',*,*,#2008,.F.);
#2008 = EDGE_CURVE('',#1985,#1940,#2009,.T.);
#2009 = LINE('',#2010,#2011);
#2010 = CARTESIAN_POINT('',(3.25E+03,-170.,540.));
#2011 = VECTOR('',#2012,1.);
#2012 = DIRECTION('',(0.,0.,-1.));
#2013 = ORIENTED_EDGE('',*,*,#1984,.F.);
#2014 = B_SPLINE_SURFACE_WITH_KNOTS('',1,1,(
    (#2015,#2016)
    ,(#2017,#2018
    )),.UNSPECIFIED.,.F.,.F.,.F.,(2,2),(2,2),(0.,580.),(0.,1.),
  .PIECEWISE_BEZIER_KNOTS.);
#2015 = CARTESIAN_POINT('',(2.75E+03,-220.,730.));
#2016 = CARTESIAN_POINT('',(3.25E+03,-170.,540.));
#2017 = CARTESIAN_POINT('',(2.75E+03,-220.,150.));
#2018 = CARTESIAN_POINT('',(3.25E+03,-170.,140.));
#2019 = ADVANCED_FACE('',(#2020),#2043,.T.);
#2020 = FACE_BOUND('',#2021,.T.);
#2021 = EDGE_LOOP('',(#2022,#2023,#2030,#2038));
#2022 = ORIENTED_EDGE('',*,*,#1939,.T.);
#2023 = ORIENTED_EDGE('',*,*,#2024,.T.);
#2024 = EDGE_CURVE('',#1933,#2025,#2027,.T.);
#2025 = VERTEX_POINT('',#2026);
#2026 = CARTESIAN_POINT('',(3.85E+03,90.,130.));
#2027 = B_SPLINE_CURVE_WITH_KNOTS('',1,(#2028,#2029),.UNSPECIFIED.,.F.,
  .F.,(2,2),(0.,1.),.PIECEWISE_BEZIER_KNOTS.);
#2028 = CARTESIAN_POINT('',(3.25E+03,170.,140.));
#2029 = CARTESIAN_POINT('',(3.85E+03,90.,130.));
#2030 = ORIENTED_EDGE('',*,*,#2031,.F.);
#2031 = EDGE_CURVE('',#2032,#2025,#2034,.T.);
#2032 = VERTEX_POINT('',#2033);
#2033 = CARTESIAN_POINT('',(3.85E+03,-90.,130.));
#2034 = LINE('',#2035,#2036);
#2035 = CARTESIAN_POINT('',(3.85E+03,-90.,130.));
#2036 = VECTOR('',#2037,1.);
#2037 = DIRECTION('',(0.,1.,0.));
#2038 = ORIENTED_EDGE('',*,*,#2039,.F.);
#2039 = EDGE_CURVE('',#1940,#2032,#2040,.T.);
#2040 = B_SPLINE_CURVE_WITH_KNOTS('',1,(#2041,#2042),.UNSPECIFIED.,.F.,
  .F.,(2,2),(0.,1.),.PIECEWISE_BEZIER_KNOTS.);
#2041 = CARTESIAN_POINT('',(3.25E+03,-170.,140.));
#2042 = CARTESIAN_POINT('',(3.85E+03,-90.,130.));
#2043 = B_SPLINE_SURFACE_WITH_KNOTS('',1,1,(
    (#2044,#2045)
    ,(#2046,#2047
    )),.UNSPECIFIED.,.F.,.F.,.F.,(2,2),(2,2),(0.,340.),(0.,1.),
  .PIECEWISE_BEZIER_KNOTS.);
#2044 = CARTESIAN_POINT('',(3.25E+03,-170.,140.));
#2045 = CARTESIAN_POINT('',(3.85E+03,-90.,130.));
#2046 = CARTESIAN_POINT('',(3.25E+03,170.,140.));
#2047 = CARTESIAN_POINT('',(3.85E+03,90.,130.));
#2048 = ADVANCED_FACE('',(#2049),#2066,.T.);
#2049 = FACE_BOUND('',#2050,.T.);
#2050 = EDGE_LOOP('',(#2051,#2052,#2059,#2065));
#2051 = ORIENTED_EDGE('',*,*,#1968,.T.);
#2052 = ORIENTED_EDGE('',*,*,#2053,.T.);
#2053 = EDGE_CURVE('',#1962,#2054,#2056,.T.);
#2054 = VERTEX_POINT('',#2055);
#2055 = CARTESIAN_POINT('',(3.85E+03,90.,290.));
#2056 = B_SPLINE_CURVE_WITH_KNOTS('',1,(#2057,#2058),.UNSPECIFIED.,.F.,
  .F.,(2,2),(0.,1.),.PIECEWISE_BEZIER_KNOTS.);
#2057 = CARTESIAN_POINT('',(3.25E+03,170.,540.));
#2058 = CARTESIAN_POINT('',(3.85E+03,90.,290.));
#2059 = ORIENTED_EDGE('',*,*,#2060,.F.);
#2060 = EDGE_CURVE('',#2025,#2054,#2061,.T.);
#2061 = LINE('',#2062,#2063);
#2062 = CARTESIAN_POINT('',(3.85E+03,90.,130.));
#2063 = VECTOR('',#2064,1.);
#2064 = DIRECTION('',(0.,0.,1.));
#2065 = ORIENTED_EDGE('',*,*,#2024,.F.);
#2066 = B_SPLINE_SURFACE_WITH_KNOTS('',1,1,(
    (#2067,#2068)
    ,(#2069,#2070
    )),.UNSPECIFIED.,.F.,.F.,.F.,(2,2),(2,2),(0.,400.),(0.,1.),
  .PIECEWISE_BEZIER_KNOTS.);
#2067 = CARTESIAN_POINT('',(3.25E+03,170.,140.));
#2068 = CARTESIAN_POINT('',(3.85E+03,90.,130.));
#2069 = CARTESIAN_POINT('',(3.25E+03,170.,540.));
#2070 = CARTESIAN_POINT('',(3.85E+03,90.,290.));
#2071 = ADVANCED_FACE('',(#2072),#2089,.T.);
#2072 = FACE_BOUND('',#2073,.T.);
#2073 = EDGE_LOOP('',(#2074,#2075,#2082,#2088));
#2074 = ORIENTED_EDGE('',*,*,#1991,.T.);
#2075 = ORIENTED_EDGE('',*,*,#2076,.T.);
#2076 = EDGE_CURVE('',#1985,#2077,#2079,.T.);
#2077 = VERTEX_POINT('',#2078);
#2078 = CARTESIAN_POINT('',(3.85E+03,-90.,290.));
#2079 = B_SPLINE_CURVE_WITH_KNOTS('',1,(#2080,#2081),.UNSPECIFIED.,.F.,
  .F.,(2,2),(0.,1.),.PIECEWISE_BEZIER_KNOTS.);
#2080 = CARTESIAN_POINT('',(3.25E+03,-170.,540.));
#2081 = CARTESIAN_POINT('',(3.85E+03,-90.,290.));
#2082 = ORIENTED_EDGE('',*,*,#2083,.F.);
#2083 = EDGE_CURVE('',#2054,#2077,#2084,.T.);
#2084 = LINE('',#2085,#2086);
#2085 = CARTESIAN_POINT('',(3.85E+03,90.,290.));
#2086 = VECTOR('',#2087,1.);
#2087 = DIRECTION('',(0.,-1.,0.));
#2088 = ORIENTED_EDGE('',*,*,#2053,.F.);
#2089 = B_SPLINE_SURFACE_WITH_KNOTS('',1,1,(
    (#2090,#2091)
    ,(#2092,#2093
    )),.UNSPECIFIED.,.F.,.F.,.F.,(2,2),(2,2),(0.,340.),(0.,1.),
  .PIECEWISE_BEZIER_KNOTS.);
#2090 = CARTESIAN_POINT('',(3.25E+03,170.,540.));
#2091 = CARTESIAN_POINT('',(3.85E+03,90.,290.));
#2092 = CARTESIAN_POINT('',(3.25E+03,-170.,540.));
#2093 = CARTESIAN_POINT('',(3.85E+03,-90.,290.));
#2094 = ADVANCED_FACE('',(#2095),#2106,.T.);
#2095 = FACE_BOUND('',#2096,.T.);
#2096 = EDGE_LOOP('',(#2097,#2098,#2099,#2105));
#2097 = ORIENTED_EDGE('',*,*,#2008,.T.);
#2098 = ORIENTED_EDGE('',*,*,#2039,.T.);
#2099 = ORIENTED_EDGE('',*,*,#2100,.F.);
#2100 = EDGE_CURVE('',#2077,#2032,#2101,.T.);
#2101 = LINE('',#2102,#2103);
#2102 = CARTESIAN_POINT('',(3.85E+03,-90.,290.));
#2103 = VECTOR('',#2104,1.);
#2104 = DIRECTION('',(0.,0.,-1.));
#2105 = ORIENTED_EDGE('',*,*,#2076,.F.);
#2106 = B_SPLINE_SURFACE_WITH_KNOTS('',1,1,(
    (#2107,#2108)
    ,(#2109,#2110
    )),.UNSPECIFIED.,.F.,.F.,.F.,(2,2),(2,2),(0.,400.),(0.,1.),
  .PIECEWISE_BEZIER_KNOTS.);
#2107 = CARTESIAN_POINT('',(3.25E+03,-170.,540.));
#2108 = CARTESIAN_POINT('',(3.85E+03,-90.,290.));
#2109 = CARTESIAN_POINT('',(3.25E+03,-170.,140.));
#2110 = CARTESIAN_POINT('',(3.85E+03,-90.,130.));
#2111 = ADVANCED_FACE('',(#2112),#2118,.T.);
#2112 = FACE_BOUND('',#2113,.F.);
#2113 = EDGE_LOOP('',(#2114,#2115,#2116,#2117));
#2114 = ORIENTED_EDGE('',*,*,#1811,.T.);
#2115 = ORIENTED_EDGE('',*,*,#1849,.T.);
#2116 = ORIENTED_EDGE('',*,*,#1879,.T.);
#2117 = ORIENTED_EDGE('',*,*,#1909,.T.);
#2118 = PLANE('',#2119);
#2119 = AXIS2_PLACEMENT_3D('',#2120,#2121,#2122);
#2120 = CARTESIAN_POINT('',(2.52E+03,-180.,160.));
#2121 = DIRECTION('',(-1.,0.,0.));
#2122 = DIRECTION('',(0.,0.478852130681,0.877895572914));
#2123 = ADVANCED_FACE('',(#2124),#2130,.F.);
#2124 = FACE_BOUND('',#2125,.T.);
#2125 = EDGE_LOOP('',(#2126,#2127,#2128,#2129));
#2126 = ORIENTED_EDGE('',*,*,#2031,.T.);
#2127 = ORIENTED_EDGE('',*,*,#2060,.T.);
#2128 = ORIENTED_EDGE('',*,*,#2083,.T.);
#2129 = ORIENTED_EDGE('',*,*,#2100,.T.);
#2130 = PLANE('',#2131);
#2131 = AXIS2_PLACEMENT_3D('',#2132,#2133,#2134);
#2132 = CARTESIAN_POINT('',(3.85E+03,-90.,130.));
#2133 = DIRECTION('',(-1.,0.,0.));
#2134 = DIRECTION('',(0.,0.747409318684,0.66436383883));
#2135 = MANIFOLD_SOLID_BREP('',#2136);
#2136 = CLOSED_SHELL('',(#2137,#2170,#2179));
#2137 = ADVANCED_FACE('',(#2138),#2165,.T.);
#2138 = FACE_BOUND('',#2139,.T.);
#2139 = EDGE_LOOP('',(#2140,#2149,#2157,#2164));
#2140 = ORIENTED_EDGE('',*,*,#2141,.F.);
#2141 = EDGE_CURVE('',#2142,#2142,#2144,.T.);
#2142 = VERTEX_POINT('',#2143);
#2143 = CARTESIAN_POINT('',(2.52E+03,-92.42606035309,895.13401065054));
#2144 = CIRCLE('',#2145,28.);
#2145 = AXIS2_PLACEMENT_3D('',#2146,#2147,#2148);
#2146 = CARTESIAN_POINT('',(2.52E+03,-120.,900.));
#2147 = DIRECTION('',(8.656647852371E-02,0.173132957047,0.981086756602)
  );
#2148 = DIRECTION('',(1.734723475977E-18,0.984783558818,-0.173785333909)
  );
#2149 = ORIENTED_EDGE('',*,*,#2150,.F.);
#2150 = EDGE_CURVE('',#2151,#2142,#2153,.T.);
#2151 = VERTEX_POINT('',#2152);
#2152 = CARTESIAN_POINT('',(2.49E+03,-152.426060353,555.13401065054));
#2153 = LINE('',#2154,#2155);
#2154 = CARTESIAN_POINT('',(2.49E+03,-152.426060353,555.13401065054));
#2155 = VECTOR('',#2156,1.);
#2156 = DIRECTION('',(8.656647852371E-02,0.173132957047,0.981086756602)
  );
#2157 = ORIENTED_EDGE('',*,*,#2158,.T.);
#2158 = EDGE_CURVE('',#2151,#2151,#2159,.T.);
#2159 = CIRCLE('',#2160,28.);
#2160 = AXIS2_PLACEMENT_3D('',#2161,#2162,#2163);
#2161 = CARTESIAN_POINT('',(2.49E+03,-180.,560.));
#2162 = DIRECTION('',(8.656647852371E-02,0.173132957047,0.981086756602)
  );
#2163 = DIRECTION('',(1.734723475977E-18,0.984783558818,-0.173785333909)
  );
#2164 = ORIENTED_EDGE('',*,*,#2150,.T.);
#2165 = CYLINDRICAL_SURFACE('',#2166,28.);
#2166 = AXIS2_PLACEMENT_3D('',#2167,#2168,#2169);
#2167 = CARTESIAN_POINT('',(2.49E+03,-180.,560.));
#2168 = DIRECTION('',(8.656647852371E-02,0.173132957047,0.981086756602)
  );
#2169 = DIRECTION('',(1.734723475977E-18,0.984783558818,-0.173785333909)
  );
#2170 = ADVANCED_FACE('',(#2171),#2174,.T.);
#2171 = FACE_BOUND('',#2172,.T.);
#2172 = EDGE_LOOP('',(#2173));
#2173 = ORIENTED_EDGE('',*,*,#2141,.T.);
#2174 = PLANE('',#2175);
#2175 = AXIS2_PLACEMENT_3D('',#2176,#2177,#2178);
#2176 = CARTESIAN_POINT('',(2.52E+03,-120.,900.));
#2177 = DIRECTION('',(8.656647852371E-02,0.173132957047,0.981086756602)
  );
#2178 = DIRECTION('',(1.734723475977E-18,0.984783558818,-0.173785333909)
  );
#2179 = ADVANCED_FACE('',(#2180),#2183,.F.);
#2180 = FACE_BOUND('',#2181,.T.);
#2181 = EDGE_LOOP('',(#2182));
#2182 = ORIENTED_EDGE('',*,*,#2158,.F.);
#2183 = PLANE('',#2184);
#2184 = AXIS2_PLACEMENT_3D('',#2185,#2186,#2187);
#2185 = CARTESIAN_POINT('',(2.49E+03,-180.,560.));
#2186 = DIRECTION('',(8.656647852371E-02,0.173132957047,0.981086756602)
  );
#2187 = DIRECTION('',(1.734723475977E-18,0.984783558818,-0.173785333909)
  );
#2188 = MANIFOLD_SOLID_BREP('',#2189);
#2189 = CLOSED_SHELL('',(#2190,#2223,#2232));
#2190 = ADVANCED_FACE('',(#2191),#2218,.T.);
#2191 = FACE_BOUND('',#2192,.T.);
#2192 = EDGE_LOOP('',(#2193,#2202,#2210,#2217));
#2193 = ORIENTED_EDGE('',*,*,#2194,.F.);
#2194 = EDGE_CURVE('',#2195,#2195,#2197,.T.);
#2195 = VERTEX_POINT('',#2196);
#2196 = CARTESIAN_POINT('',(2.52E+03,147.5739396469,904.86598934945));
#2197 = CIRCLE('',#2198,28.);
#2198 = AXIS2_PLACEMENT_3D('',#2199,#2200,#2201);
#2199 = CARTESIAN_POINT('',(2.52E+03,120.,900.));
#2200 = DIRECTION('',(8.656647852371E-02,-0.173132957047,0.981086756602)
  );
#2201 = DIRECTION('',(-1.734723475977E-18,0.984783558818,0.173785333909)
  );
#2202 = ORIENTED_EDGE('',*,*,#2203,.F.);
#2203 = EDGE_CURVE('',#2204,#2195,#2206,.T.);
#2204 = VERTEX_POINT('',#2205);
#2205 = CARTESIAN_POINT('',(2.49E+03,207.5739396469,564.86598934945));
#2206 = LINE('',#2207,#2208);
#2207 = CARTESIAN_POINT('',(2.49E+03,207.5739396469,564.86598934945));
#2208 = VECTOR('',#2209,1.);
#2209 = DIRECTION('',(8.656647852371E-02,-0.173132957047,0.981086756602)
  );
#2210 = ORIENTED_EDGE('',*,*,#2211,.T.);
#2211 = EDGE_CURVE('',#2204,#2204,#2212,.T.);
#2212 = CIRCLE('',#2213,28.);
#2213 = AXIS2_PLACEMENT_3D('',#2214,#2215,#2216);
#2214 = CARTESIAN_POINT('',(2.49E+03,180.,560.));
#2215 = DIRECTION('',(8.656647852371E-02,-0.173132957047,0.981086756602)
  );
#2216 = DIRECTION('',(-1.734723475977E-18,0.984783558818,0.173785333909)
  );
#2217 = ORIENTED_EDGE('',*,*,#2203,.T.);
#2218 = CYLINDRICAL_SURFACE('',#2219,28.);
#2219 = AXIS2_PLACEMENT_3D('',#2220,#2221,#2222);
#2220 = CARTESIAN_POINT('',(2.49E+03,180.,560.));
#2221 = DIRECTION('',(8.656647852371E-02,-0.173132957047,0.981086756602)
  );
#2222 = DIRECTION('',(-1.734723475977E-18,0.984783558818,0.173785333909)
  );
#2223 = ADVANCED_FACE('',(#2224),#2227,.T.);
#2224 = FACE_BOUND('',#2225,.T.);
#2225 = EDGE_LOOP('',(#2226));
#2226 = ORIENTED_EDGE('',*,*,#2194,.T.);
#2227 = PLANE('',#2228);
#2228 = AXIS2_PLACEMENT_3D('',#2229,#2230,#2231);
#2229 = CARTESIAN_POINT('',(2.52E+03,120.,900.));
#2230 = DIRECTION('',(8.656647852371E-02,-0.173132957047,0.981086756602)
  );
#2231 = DIRECTION('',(-1.734723475977E-18,0.984783558818,0.173785333909)
  );
#2232 = ADVANCED_FACE('',(#2233),#2236,.F.);
#2233 = FACE_BOUND('',#2234,.T.);
#2234 = EDGE_LOOP('',(#2235));
#2235 = ORIENTED_EDGE('',*,*,#2211,.F.);
#2236 = PLANE('',#2237);
#2237 = AXIS2_PLACEMENT_3D('',#2238,#2239,#2240);
#2238 = CARTESIAN_POINT('',(2.49E+03,180.,560.));
#2239 = DIRECTION('',(8.656647852371E-02,-0.173132957047,0.981086756602)
  );
#2240 = DIRECTION('',(-1.734723475977E-18,0.984783558818,0.173785333909)
  );
#2241 = MANIFOLD_SOLID_BREP('',#2242);
#2242 = CLOSED_SHELL('',(#2243,#2276,#2285));
#2243 = ADVANCED_FACE('',(#2244),#2271,.T.);
#2244 = FACE_BOUND('',#2245,.T.);
#2245 = EDGE_LOOP('',(#2246,#2255,#2263,#2270));
#2246 = ORIENTED_EDGE('',*,*,#2247,.F.);
#2247 = EDGE_CURVE('',#2248,#2248,#2250,.T.);
#2248 = VERTEX_POINT('',#2249);
#2249 = CARTESIAN_POINT('',(2.52E+03,120.,928.));
#2250 = CIRCLE('',#2251,28.);
#2251 = AXIS2_PLACEMENT_3D('',#2252,#2253,#2254);
#2252 = CARTESIAN_POINT('',(2.52E+03,120.,900.));
#2253 = DIRECTION('',(0.,1.,0.));
#2254 = DIRECTION('',(0.,0.,1.));
#2255 = ORIENTED_EDGE('',*,*,#2256,.F.);
#2256 = EDGE_CURVE('',#2257,#2248,#2259,.T.);
#2257 = VERTEX_POINT('',#2258);
#2258 = CARTESIAN_POINT('',(2.52E+03,-120.,928.));
#2259 = LINE('',#2260,#2261);
#2260 = CARTESIAN_POINT('',(2.52E+03,-120.,928.));
#2261 = VECTOR('',#2262,1.);
#2262 = DIRECTION('',(0.,1.,0.));
#2263 = ORIENTED_EDGE('',*,*,#2264,.T.);
#2264 = EDGE_CURVE('',#2257,#2257,#2265,.T.);
#2265 = CIRCLE('',#2266,28.);
#2266 = AXIS2_PLACEMENT_3D('',#2267,#2268,#2269);
#2267 = CARTESIAN_POINT('',(2.52E+03,-120.,900.));
#2268 = DIRECTION('',(0.,1.,0.));
#2269 = DIRECTION('',(0.,0.,1.));
#2270 = ORIENTED_EDGE('',*,*,#2256,.T.);
#2271 = CYLINDRICAL_SURFACE('',#2272,28.);
#2272 = AXIS2_PLACEMENT_3D('',#2273,#2274,#2275);
#2273 = CARTESIAN_POINT('',(2.52E+03,-120.,900.));
#2274 = DIRECTION('',(0.,1.,0.));
#2275 = DIRECTION('',(0.,0.,1.));
#2276 = ADVANCED_FACE('',(#2277),#2280,.T.);
#2277 = FACE_BOUND('',#2278,.T.);
#2278 = EDGE_LOOP('',(#2279));
#2279 = ORIENTED_EDGE('',*,*,#2247,.T.);
#2280 = PLANE('',#2281);
#2281 = AXIS2_PLACEMENT_3D('',#2282,#2283,#2284);
#2282 = CARTESIAN_POINT('',(2.52E+03,120.,900.));
#2283 = DIRECTION('',(0.,1.,0.));
#2284 = DIRECTION('',(0.,0.,1.));
#2285 = ADVANCED_FACE('',(#2286),#2289,.F.);
#2286 = FACE_BOUND('',#2287,.T.);
#2287 = EDGE_LOOP('',(#2288));
#2288 = ORIENTED_EDGE('',*,*,#2264,.F.);
#2289 = PLANE('',#2290);
#2290 = AXIS2_PLACEMENT_3D('',#2291,#2292,#2293);
#2291 = CARTESIAN_POINT('',(2.52E+03,-120.,900.));
#2292 = DIRECTION('',(0.,1.,0.));
#2293 = DIRECTION('',(0.,0.,1.));
#2294 = MANIFOLD_SOLID_BREP('',#2295);
#2295 = CLOSED_SHELL('',(#2296,#2329,#2349,#2369));
#2296 = ADVANCED_FACE('',(#2297),#2324,.T.);
#2297 = FACE_BOUND('',#2298,.T.);
#2298 = EDGE_LOOP('',(#2299,#2308,#2316,#2323));
#2299 = ORIENTED_EDGE('',*,*,#2300,.F.);
#2300 = EDGE_CURVE('',#2301,#2301,#2303,.T.);
#2301 = VERTEX_POINT('',#2302);
#2302 = CARTESIAN_POINT('',(850.,900.,620.));
#2303 = CIRCLE('',#2304,310.);
#2304 = AXIS2_PLACEMENT_3D('',#2305,#2306,#2307);
#2305 = CARTESIAN_POINT('',(850.,900.,310.));
#2306 = DIRECTION('',(0.,1.,0.));
#2307 = DIRECTION('',(0.,0.,1.));
#2308 = ORIENTED_EDGE('',*,*,#2309,.F.);
#2309 = EDGE_CURVE('',#2310,#2301,#2312,.T.);
#2310 = VERTEX_POINT('',#2311);
#2311 = CARTESIAN_POINT('',(850.,650.,620.));
#2312 = LINE('',#2313,#2314);
#2313 = CARTESIAN_POINT('',(850.,650.,620.));
#2314 = VECTOR('',#2315,1.);
#2315 = DIRECTION('',(0.,1.,0.));
#2316 = ORIENTED_EDGE('',*,*,#2317,.T.);
#2317 = EDGE_CURVE('',#2310,#2310,#2318,.T.);
#2318 = CIRCLE('',#2319,310.);
#2319 = AXIS2_PLACEMENT_3D('',#2320,#2321,#2322);
#2320 = CARTESIAN_POINT('',(850.,650.,310.));
#2321 = DIRECTION('',(0.,1.,0.));
#2322 = DIRECTION('',(0.,0.,1.));
#2323 = ORIENTED_EDGE('',*,*,#2309,.T.);
#2324 = CYLINDRICAL_SURFACE('',#2325,310.);
#2325 = AXIS2_PLACEMENT_3D('',#2326,#2327,#2328);
#2326 = CARTESIAN_POINT('',(850.,650.,310.));
#2327 = DIRECTION('',(0.,1.,0.));
#2328 = DIRECTION('',(0.,0.,1.));
#2329 = ADVANCED_FACE('',(#2330,#2333),#2344,.T.);
#2330 = FACE_BOUND('',#2331,.T.);
#2331 = EDGE_LOOP('',(#2332));
#2332 = ORIENTED_EDGE('',*,*,#2300,.T.);
#2333 = FACE_BOUND('',#2334,.T.);
#2334 = EDGE_LOOP('',(#2335));
#2335 = ORIENTED_EDGE('',*,*,#2336,.F.);
#2336 = EDGE_CURVE('',#2337,#2337,#2339,.T.);
#2337 = VERTEX_POINT('',#2338);
#2338 = CARTESIAN_POINT('',(850.,900.,485.));
#2339 = CIRCLE('',#2340,175.);
#2340 = AXIS2_PLACEMENT_3D('',#2341,#2342,#2343);
#2341 = CARTESIAN_POINT('',(850.,900.,310.));
#2342 = DIRECTION('',(0.,1.,0.));
#2343 = DIRECTION('',(0.,0.,1.));
#2344 = PLANE('',#2345);
#2345 = AXIS2_PLACEMENT_3D('',#2346,#2347,#2348);
#2346 = CARTESIAN_POINT('',(850.,900.,310.));
#2347 = DIRECTION('',(0.,1.,0.));
#2348 = DIRECTION('',(0.,0.,1.));
#2349 = ADVANCED_FACE('',(#2350,#2353),#2364,.F.);
#2350 = FACE_BOUND('',#2351,.F.);
#2351 = EDGE_LOOP('',(#2352));
#2352 = ORIENTED_EDGE('',*,*,#2317,.T.);
#2353 = FACE_BOUND('',#2354,.F.);
#2354 = EDGE_LOOP('',(#2355));
#2355 = ORIENTED_EDGE('',*,*,#2356,.F.);
#2356 = EDGE_CURVE('',#2357,#2357,#2359,.T.);
#2357 = VERTEX_POINT('',#2358);
#2358 = CARTESIAN_POINT('',(850.,650.,485.));
#2359 = CIRCLE('',#2360,175.);
#2360 = AXIS2_PLACEMENT_3D('',#2361,#2362,#2363);
#2361 = CARTESIAN_POINT('',(850.,650.,310.));
#2362 = DIRECTION('',(0.,1.,0.));
#2363 = DIRECTION('',(0.,0.,1.));
#2364 = PLANE('',#2365);
#2365 = AXIS2_PLACEMENT_3D('',#2366,#2367,#2368);
#2366 = CARTESIAN_POINT('',(850.,650.,310.));
#2367 = DIRECTION('',(0.,1.,0.));
#2368 = DIRECTION('',(0.,0.,1.));
#2369 = ADVANCED_FACE('',(#2370),#2381,.F.);
#2370 = FACE_BOUND('',#2371,.F.);
#2371 = EDGE_LOOP('',(#2372,#2373,#2379,#2380));
#2372 = ORIENTED_EDGE('',*,*,#2336,.F.);
#2373 = ORIENTED_EDGE('',*,*,#2374,.F.);
#2374 = EDGE_CURVE('',#2357,#2337,#2375,.T.);
#2375 = LINE('',#2376,#2377);
#2376 = CARTESIAN_POINT('',(850.,650.,485.));
#2377 = VECTOR('',#2378,1.);
#2378 = DIRECTION('',(0.,1.,0.));
#2379 = ORIENTED_EDGE('',*,*,#2356,.T.);
#2380 = ORIENTED_EDGE('',*,*,#2374,.T.);
#2381 = CYLINDRICAL_SURFACE('',#2382,175.);
#2382 = AXIS2_PLACEMENT_3D('',#2383,#2384,#2385);
#2383 = CARTESIAN_POINT('',(850.,650.,310.));
#2384 = DIRECTION('',(0.,1.,0.));
#2385 = DIRECTION('',(0.,0.,1.));
#2386 = MANIFOLD_SOLID_BREP('',#2387);
#2387 = CLOSED_SHELL('',(#2388,#2421,#2430));
#2388 = ADVANCED_FACE('',(#2389),#2416,.T.);
#2389 = FACE_BOUND('',#2390,.T.);
#2390 = EDGE_LOOP('',(#2391,#2400,#2408,#2415));
#2391 = ORIENTED_EDGE('',*,*,#2392,.F.);
#2392 = EDGE_CURVE('',#2393,#2393,#2395,.T.);
#2393 = VERTEX_POINT('',#2394);
#2394 = CARTESIAN_POINT('',(850.,894.,484.));
#2395 = CIRCLE('',#2396,174.);
#2396 = AXIS2_PLACEMENT_3D('',#2397,#2398,#2399);
#2397 = CARTESIAN_POINT('',(850.,894.,310.));
#2398 = DIRECTION('',(0.,1.,0.));
#2399 = DIRECTION('',(0.,0.,1.));
#2400 = ORIENTED_EDGE('',*,*,#2401,.F.);
#2401 = EDGE_CURVE('',#2402,#2393,#2404,.T.);
#2402 = VERTEX_POINT('',#2403);
#2403 = CARTESIAN_POINT('',(850.,656.,484.));
#2404 = LINE('',#2405,#2406);
#2405 = CARTESIAN_POINT('',(850.,656.,484.));
#2406 = VECTOR('',#2407,1.);
#2407 = DIRECTION('',(0.,1.,0.));
#2408 = ORIENTED_EDGE('',*,*,#2409,.T.);
#2409 = EDGE_CURVE('',#2402,#2402,#2410,.T.);
#2410 = CIRCLE('',#2411,174.);
#2411 = AXIS2_PLACEMENT_3D('',#2412,#2413,#2414);
#2412 = CARTESIAN_POINT('',(850.,656.,310.));
#2413 = DIRECTION('',(0.,1.,0.));
#2414 = DIRECTION('',(0.,0.,1.));
#2415 = ORIENTED_EDGE('',*,*,#2401,.T.);
#2416 = CYLINDRICAL_SURFACE('',#2417,174.);
#2417 = AXIS2_PLACEMENT_3D('',#2418,#2419,#2420);
#2418 = CARTESIAN_POINT('',(850.,656.,310.));
#2419 = DIRECTION('',(0.,1.,0.));
#2420 = DIRECTION('',(0.,0.,1.));
#2421 = ADVANCED_FACE('',(#2422),#2425,.T.);
#2422 = FACE_BOUND('',#2423,.T.);
#2423 = EDGE_LOOP('',(#2424));
#2424 = ORIENTED_EDGE('',*,*,#2392,.T.);
#2425 = PLANE('',#2426);
#2426 = AXIS2_PLACEMENT_3D('',#2427,#2428,#2429);
#2427 = CARTESIAN_POINT('',(850.,894.,310.));
#2428 = DIRECTION('',(0.,1.,0.));
#2429 = DIRECTION('',(0.,0.,1.));
#2430 = ADVANCED_FACE('',(#2431),#2434,.F.);
#2431 = FACE_BOUND('',#2432,.T.);
#2432 = EDGE_LOOP('',(#2433));
#2433 = ORIENTED_EDGE('',*,*,#2409,.F.);
#2434 = PLANE('',#2435);
#2435 = AXIS2_PLACEMENT_3D('',#2436,#2437,#2438);
#2436 = CARTESIAN_POINT('',(850.,656.,310.));
#2437 = DIRECTION('',(0.,1.,0.));
#2438 = DIRECTION('',(0.,0.,1.));
#2439 = MANIFOLD_SOLID_BREP('',#2440);
#2440 = CLOSED_SHELL('',(#2441,#2474,#2483));
#2441 = ADVANCED_FACE('',(#2442),#2469,.T.);
#2442 = FACE_BOUND('',#2443,.T.);
#2443 = EDGE_LOOP('',(#2444,#2453,#2461,#2468));
#2444 = ORIENTED_EDGE('',*,*,#2445,.F.);
#2445 = EDGE_CURVE('',#2446,#2446,#2448,.T.);
#2446 = VERTEX_POINT('',#2447);
#2447 = CARTESIAN_POINT('',(864.90959723686,769.19449311131,310.));
#2448 = CIRCLE('',#2449,16.);
#2449 = AXIS2_PLACEMENT_3D('',#2450,#2451,#2452);
#2450 = CARTESIAN_POINT('',(850.,775.,310.));
#2451 = DIRECTION('',(0.361616693329,0.928697416959,-8.218561212026E-02)
  );
#2452 = DIRECTION('',(0.931849827304,-0.362844180543,3.469446951954E-18)
  );
#2453 = ORIENTED_EDGE('',*,*,#2454,.F.);
#2454 = EDGE_CURVE('',#2455,#2446,#2457,.T.);
#2455 = VERTEX_POINT('',#2456);
#2456 = CARTESIAN_POINT('',(644.90959723686,204.19449311131,360.));
#2457 = LINE('',#2458,#2459);
#2458 = CARTESIAN_POINT('',(644.90959723686,204.19449311131,360.));
#2459 = VECTOR('',#2460,1.);
#2460 = DIRECTION('',(0.361616693329,0.928697416959,-8.218561212026E-02)
  );
#2461 = ORIENTED_EDGE('',*,*,#2462,.T.);
#2462 = EDGE_CURVE('',#2455,#2455,#2463,.T.);
#2463 = CIRCLE('',#2464,16.);
#2464 = AXIS2_PLACEMENT_3D('',#2465,#2466,#2467);
#2465 = CARTESIAN_POINT('',(630.,210.,360.));
#2466 = DIRECTION('',(0.361616693329,0.928697416959,-8.218561212026E-02)
  );
#2467 = DIRECTION('',(0.931849827304,-0.362844180543,3.469446951954E-18)
  );
#2468 = ORIENTED_EDGE('',*,*,#2454,.T.);
#2469 = CYLINDRICAL_SURFACE('',#2470,16.);
#2470 = AXIS2_PLACEMENT_3D('',#2471,#2472,#2473);
#2471 = CARTESIAN_POINT('',(630.,210.,360.));
#2472 = DIRECTION('',(0.361616693329,0.928697416959,-8.218561212026E-02)
  );
#2473 = DIRECTION('',(0.931849827304,-0.362844180543,0.));
#2474 = ADVANCED_FACE('',(#2475),#2478,.T.);
#2475 = FACE_BOUND('',#2476,.T.);
#2476 = EDGE_LOOP('',(#2477));
#2477 = ORIENTED_EDGE('',*,*,#2445,.T.);
#2478 = PLANE('',#2479);
#2479 = AXIS2_PLACEMENT_3D('',#2480,#2481,#2482);
#2480 = CARTESIAN_POINT('',(850.,775.,310.));
#2481 = DIRECTION('',(0.361616693329,0.928697416959,-8.218561212026E-02)
  );
#2482 = DIRECTION('',(0.931849827304,-0.362844180543,0.));
#2483 = ADVANCED_FACE('',(#2484),#2487,.F.);
#2484 = FACE_BOUND('',#2485,.T.);
#2485 = EDGE_LOOP('',(#2486));
#2486 = ORIENTED_EDGE('',*,*,#2462,.F.);
#2487 = PLANE('',#2488);
#2488 = AXIS2_PLACEMENT_3D('',#2489,#2490,#2491);
#2489 = CARTESIAN_POINT('',(630.,210.,360.));
#2490 = DIRECTION('',(0.361616693329,0.928697416959,-8.218561212026E-02)
  );
#2491 = DIRECTION('',(0.931849827304,-0.362844180543,0.));
#2492 = MANIFOLD_SOLID_BREP('',#2493);
#2493 = CLOSED_SHELL('',(#2494,#2527,#2536));
#2494 = ADVANCED_FACE('',(#2495),#2522,.T.);
#2495 = FACE_BOUND('',#2496,.T.);
#2496 = EDGE_LOOP('',(#2497,#2506,#2514,#2521));
#2497 = ORIENTED_EDGE('',*,*,#2498,.F.);
#2498 = EDGE_CURVE('',#2499,#2499,#2501,.T.);
#2499 = VERTEX_POINT('',#2500);
#2500 = CARTESIAN_POINT('',(864.90959723686,780.80550688868,310.));
#2501 = CIRCLE('',#2502,16.);
#2502 = AXIS2_PLACEMENT_3D('',#2503,#2504,#2505);
#2503 = CARTESIAN_POINT('',(850.,775.,310.));
#2504 = DIRECTION('',(-0.361616693329,0.928697416959,-8.218561212026E-02
    ));
#2505 = DIRECTION('',(0.931849827304,0.362844180543,-3.469446951954E-18)
  );
#2506 = ORIENTED_EDGE('',*,*,#2507,.F.);
#2507 = EDGE_CURVE('',#2508,#2499,#2510,.T.);
#2508 = VERTEX_POINT('',#2509);
#2509 = CARTESIAN_POINT('',(1.084909597237E+03,215.80550688868,360.));
#2510 = LINE('',#2511,#2512);
#2511 = CARTESIAN_POINT('',(1.084909597237E+03,215.80550688868,360.));
#2512 = VECTOR('',#2513,1.);
#2513 = DIRECTION('',(-0.361616693329,0.928697416959,-8.218561212026E-02
    ));
#2514 = ORIENTED_EDGE('',*,*,#2515,.T.);
#2515 = EDGE_CURVE('',#2508,#2508,#2516,.T.);
#2516 = CIRCLE('',#2517,16.);
#2517 = AXIS2_PLACEMENT_3D('',#2518,#2519,#2520);
#2518 = CARTESIAN_POINT('',(1.07E+03,210.,360.));
#2519 = DIRECTION('',(-0.361616693329,0.928697416959,-8.218561212026E-02
    ));
#2520 = DIRECTION('',(0.931849827304,0.362844180543,-3.469446951954E-18)
  );
#2521 = ORIENTED_EDGE('',*,*,#2507,.T.);
#2522 = CYLINDRICAL_SURFACE('',#2523,16.);
#2523 = AXIS2_PLACEMENT_3D('',#2524,#2525,#2526);
#2524 = CARTESIAN_POINT('',(1.07E+03,210.,360.));
#2525 = DIRECTION('',(-0.361616693329,0.928697416959,-8.218561212026E-02
    ));
#2526 = DIRECTION('',(0.931849827304,0.362844180543,0.));
#2527 = ADVANCED_FACE('',(#2528),#2531,.T.);
#2528 = FACE_BOUND('',#2529,.T.);
#2529 = EDGE_LOOP('',(#2530));
#2530 = ORIENTED_EDGE('',*,*,#2498,.T.);
#2531 = PLANE('',#2532);
#2532 = AXIS2_PLACEMENT_3D('',#2533,#2534,#2535);
#2533 = CARTESIAN_POINT('',(850.,775.,310.));
#2534 = DIRECTION('',(-0.361616693329,0.928697416959,-8.218561212026E-02
    ));
#2535 = DIRECTION('',(0.931849827304,0.362844180543,0.));
#2536 = ADVANCED_FACE('',(#2537),#2540,.F.);
#2537 = FACE_BOUND('',#2538,.T.);
#2538 = EDGE_LOOP('',(#2539));
#2539 = ORIENTED_EDGE('',*,*,#2515,.F.);
#2540 = PLANE('',#2541);
#2541 = AXIS2_PLACEMENT_3D('',#2542,#2543,#2544);
#2542 = CARTESIAN_POINT('',(1.07E+03,210.,360.));
#2543 = DIRECTION('',(-0.361616693329,0.928697416959,-8.218561212026E-02
    ));
#2544 = DIRECTION('',(0.931849827304,0.362844180543,0.));
#2545 = MANIFOLD_SOLID_BREP('',#2546);
#2546 = CLOSED_SHELL('',(#2547,#2580,#2589));
#2547 = ADVANCED_FACE('',(#2548),#2575,.T.);
#2548 = FACE_BOUND('',#2549,.T.);
#2549 = EDGE_LOOP('',(#2550,#2559,#2567,#2574));
#2550 = ORIENTED_EDGE('',*,*,#2551,.F.);
#2551 = EDGE_CURVE('',#2552,#2552,#2554,.T.);
#2552 = VERTEX_POINT('',#2553);
#2553 = CARTESIAN_POINT('',(864.90959723686,769.19449311131,220.));
#2554 = CIRCLE('',#2555,16.);
#2555 = AXIS2_PLACEMENT_3D('',#2556,#2557,#2558);
#2556 = CARTESIAN_POINT('',(850.,775.,220.));
#2557 = DIRECTION('',(0.362646942406,0.931343283907,3.296790385512E-02)
  );
#2558 = DIRECTION('',(0.931849827304,-0.362844180543,-1.734723475977E-18
    ));
#2559 = ORIENTED_EDGE('',*,*,#2560,.F.);
#2560 = EDGE_CURVE('',#2561,#2552,#2563,.T.);
#2561 = VERTEX_POINT('',#2562);
#2562 = CARTESIAN_POINT('',(644.90959723686,204.19449311131,200.));
#2563 = LINE('',#2564,#2565);
#2564 = CARTESIAN_POINT('',(644.90959723686,204.19449311131,200.));
#2565 = VECTOR('',#2566,1.);
#2566 = DIRECTION('',(0.362646942406,0.931343283907,3.296790385512E-02)
  );
#2567 = ORIENTED_EDGE('',*,*,#2568,.T.);
#2568 = EDGE_CURVE('',#2561,#2561,#2569,.T.);
#2569 = CIRCLE('',#2570,16.);
#2570 = AXIS2_PLACEMENT_3D('',#2571,#2572,#2573);
#2571 = CARTESIAN_POINT('',(630.,210.,200.));
#2572 = DIRECTION('',(0.362646942406,0.931343283907,3.296790385512E-02)
  );
#2573 = DIRECTION('',(0.931849827304,-0.362844180543,-1.734723475977E-18
    ));
#2574 = ORIENTED_EDGE('',*,*,#2560,.T.);
#2575 = CYLINDRICAL_SURFACE('',#2576,16.);
#2576 = AXIS2_PLACEMENT_3D('',#2577,#2578,#2579);
#2577 = CARTESIAN_POINT('',(630.,210.,200.));
#2578 = DIRECTION('',(0.362646942406,0.931343283907,3.296790385512E-02)
  );
#2579 = DIRECTION('',(0.931849827304,-0.362844180543,0.));
#2580 = ADVANCED_FACE('',(#2581),#2584,.T.);
#2581 = FACE_BOUND('',#2582,.T.);
#2582 = EDGE_LOOP('',(#2583));
#2583 = ORIENTED_EDGE('',*,*,#2551,.T.);
#2584 = PLANE('',#2585);
#2585 = AXIS2_PLACEMENT_3D('',#2586,#2587,#2588);
#2586 = CARTESIAN_POINT('',(850.,775.,220.));
#2587 = DIRECTION('',(0.362646942406,0.931343283907,3.296790385512E-02)
  );
#2588 = DIRECTION('',(0.931849827304,-0.362844180543,0.));
#2589 = ADVANCED_FACE('',(#2590),#2593,.F.);
#2590 = FACE_BOUND('',#2591,.T.);
#2591 = EDGE_LOOP('',(#2592));
#2592 = ORIENTED_EDGE('',*,*,#2568,.F.);
#2593 = PLANE('',#2594);
#2594 = AXIS2_PLACEMENT_3D('',#2595,#2596,#2597);
#2595 = CARTESIAN_POINT('',(630.,210.,200.));
#2596 = DIRECTION('',(0.362646942406,0.931343283907,3.296790385512E-02)
  );
#2597 = DIRECTION('',(0.931849827304,-0.362844180543,0.));
#2598 = MANIFOLD_SOLID_BREP('',#2599);
#2599 = CLOSED_SHELL('',(#2600,#2633,#2642));
#2600 = ADVANCED_FACE('',(#2601),#2628,.T.);
#2601 = FACE_BOUND('',#2602,.T.);
#2602 = EDGE_LOOP('',(#2603,#2612,#2620,#2627));
#2603 = ORIENTED_EDGE('',*,*,#2604,.F.);
#2604 = EDGE_CURVE('',#2605,#2605,#2607,.T.);
#2605 = VERTEX_POINT('',#2606);
#2606 = CARTESIAN_POINT('',(864.90959723686,780.80550688868,220.));
#2607 = CIRCLE('',#2608,16.);
#2608 = AXIS2_PLACEMENT_3D('',#2609,#2610,#2611);
#2609 = CARTESIAN_POINT('',(850.,775.,220.));
#2610 = DIRECTION('',(-0.362646942406,0.931343283907,3.296790385512E-02)
  );
#2611 = DIRECTION('',(0.931849827304,0.362844180543,1.734723475977E-18)
  );
#2612 = ORIENTED_EDGE('',*,*,#2613,.F.);
#2613 = EDGE_CURVE('',#2614,#2605,#2616,.T.);
#2614 = VERTEX_POINT('',#2615);
#2615 = CARTESIAN_POINT('',(1.084909597237E+03,215.80550688868,200.));
#2616 = LINE('',#2617,#2618);
#2617 = CARTESIAN_POINT('',(1.084909597237E+03,215.80550688868,200.));
#2618 = VECTOR('',#2619,1.);
#2619 = DIRECTION('',(-0.362646942406,0.931343283907,3.296790385512E-02)
  );
#2620 = ORIENTED_EDGE('',*,*,#2621,.T.);
#2621 = EDGE_CURVE('',#2614,#2614,#2622,.T.);
#2622 = CIRCLE('',#2623,16.);
#2623 = AXIS2_PLACEMENT_3D('',#2624,#2625,#2626);
#2624 = CARTESIAN_POINT('',(1.07E+03,210.,200.));
#2625 = DIRECTION('',(-0.362646942406,0.931343283907,3.296790385512E-02)
  );
#2626 = DIRECTION('',(0.931849827304,0.362844180543,1.734723475977E-18)
  );
#2627 = ORIENTED_EDGE('',*,*,#2613,.T.);
#2628 = CYLINDRICAL_SURFACE('',#2629,16.);
#2629 = AXIS2_PLACEMENT_3D('',#2630,#2631,#2632);
#2630 = CARTESIAN_POINT('',(1.07E+03,210.,200.));
#2631 = DIRECTION('',(-0.362646942406,0.931343283907,3.296790385512E-02)
  );
#2632 = DIRECTION('',(0.931849827304,0.362844180543,0.));
#2633 = ADVANCED_FACE('',(#2634),#2637,.T.);
#2634 = FACE_BOUND('',#2635,.T.);
#2635 = EDGE_LOOP('',(#2636));
#2636 = ORIENTED_EDGE('',*,*,#2604,.T.);
#2637 = PLANE('',#2638);
#2638 = AXIS2_PLACEMENT_3D('',#2639,#2640,#2641);
#2639 = CARTESIAN_POINT('',(850.,775.,220.));
#2640 = DIRECTION('',(-0.362646942406,0.931343283907,3.296790385512E-02)
  );
#2641 = DIRECTION('',(0.931849827304,0.362844180543,0.));
#2642 = ADVANCED_FACE('',(#2643),#2646,.F.);
#2643 = FACE_BOUND('',#2644,.T.);
#2644 = EDGE_LOOP('',(#2645));
#2645 = ORIENTED_EDGE('',*,*,#2621,.F.);
#2646 = PLANE('',#2647);
#2647 = AXIS2_PLACEMENT_3D('',#2648,#2649,#2650);
#2648 = CARTESIAN_POINT('',(1.07E+03,210.,200.));
#2649 = DIRECTION('',(-0.362646942406,0.931343283907,3.296790385512E-02)
  );
#2650 = DIRECTION('',(0.931849827304,0.362844180543,0.));
#2651 = MANIFOLD_SOLID_BREP('',#2652);
#2652 = CLOSED_SHELL('',(#2653,#2686,#2706,#2726));
#2653 = ADVANCED_FACE('',(#2654),#2681,.T.);
#2654 = FACE_BOUND('',#2655,.T.);
#2655 = EDGE_LOOP('',(#2656,#2665,#2673,#2680));
#2656 = ORIENTED_EDGE('',*,*,#2657,.F.);
#2657 = EDGE_CURVE('',#2658,#2658,#2660,.T.);
#2658 = VERTEX_POINT('',#2659);
#2659 = CARTESIAN_POINT('',(850.,-650.,620.));
#2660 = CIRCLE('',#2661,310.);
#2661 = AXIS2_PLACEMENT_3D('',#2662,#2663,#2664);
#2662 = CARTESIAN_POINT('',(850.,-650.,310.));
#2663 = DIRECTION('',(0.,1.,0.));
#2664 = DIRECTION('',(0.,0.,1.));
#2665 = ORIENTED_EDGE('',*,*,#2666,.F.);
#2666 = EDGE_CURVE('',#2667,#2658,#2669,.T.);
#2667 = VERTEX_POINT('',#2668);
#2668 = CARTESIAN_POINT('',(850.,-900.,620.));
#2669 = LINE('',#2670,#2671);
#2670 = CARTESIAN_POINT('',(850.,-900.,620.));
#2671 = VECTOR('',#2672,1.);
#2672 = DIRECTION('',(0.,1.,0.));
#2673 = ORIENTED_EDGE('',*,*,#2674,.T.);
#2674 = EDGE_CURVE('',#2667,#2667,#2675,.T.);
#2675 = CIRCLE('',#2676,310.);
#2676 = AXIS2_PLACEMENT_3D('',#2677,#2678,#2679);
#2677 = CARTESIAN_POINT('',(850.,-900.,310.));
#2678 = DIRECTION('',(0.,1.,0.));
#2679 = DIRECTION('',(0.,0.,1.));
#2680 = ORIENTED_EDGE('',*,*,#2666,.T.);
#2681 = CYLINDRICAL_SURFACE('',#2682,310.);
#2682 = AXIS2_PLACEMENT_3D('',#2683,#2684,#2685);
#2683 = CARTESIAN_POINT('',(850.,-900.,310.));
#2684 = DIRECTION('',(0.,1.,0.));
#2685 = DIRECTION('',(0.,0.,1.));
#2686 = ADVANCED_FACE('',(#2687,#2690),#2701,.T.);
#2687 = FACE_BOUND('',#2688,.T.);
#2688 = EDGE_LOOP('',(#2689));
#2689 = ORIENTED_EDGE('',*,*,#2657,.T.);
#2690 = FACE_BOUND('',#2691,.T.);
#2691 = EDGE_LOOP('',(#2692));
#2692 = ORIENTED_EDGE('',*,*,#2693,.F.);
#2693 = EDGE_CURVE('',#2694,#2694,#2696,.T.);
#2694 = VERTEX_POINT('',#2695);
#2695 = CARTESIAN_POINT('',(850.,-650.,485.));
#2696 = CIRCLE('',#2697,175.);
#2697 = AXIS2_PLACEMENT_3D('',#2698,#2699,#2700);
#2698 = CARTESIAN_POINT('',(850.,-650.,310.));
#2699 = DIRECTION('',(0.,1.,0.));
#2700 = DIRECTION('',(0.,0.,1.));
#2701 = PLANE('',#2702);
#2702 = AXIS2_PLACEMENT_3D('',#2703,#2704,#2705);
#2703 = CARTESIAN_POINT('',(850.,-650.,310.));
#2704 = DIRECTION('',(0.,1.,0.));
#2705 = DIRECTION('',(0.,0.,1.));
#2706 = ADVANCED_FACE('',(#2707,#2710),#2721,.F.);
#2707 = FACE_BOUND('',#2708,.F.);
#2708 = EDGE_LOOP('',(#2709));
#2709 = ORIENTED_EDGE('',*,*,#2674,.T.);
#2710 = FACE_BOUND('',#2711,.F.);
#2711 = EDGE_LOOP('',(#2712));
#2712 = ORIENTED_EDGE('',*,*,#2713,.F.);
#2713 = EDGE_CURVE('',#2714,#2714,#2716,.T.);
#2714 = VERTEX_POINT('',#2715);
#2715 = CARTESIAN_POINT('',(850.,-900.,485.));
#2716 = CIRCLE('',#2717,175.);
#2717 = AXIS2_PLACEMENT_3D('',#2718,#2719,#2720);
#2718 = CARTESIAN_POINT('',(850.,-900.,310.));
#2719 = DIRECTION('',(0.,1.,0.));
#2720 = DIRECTION('',(0.,0.,1.));
#2721 = PLANE('',#2722);
#2722 = AXIS2_PLACEMENT_3D('',#2723,#2724,#2725);
#2723 = CARTESIAN_POINT('',(850.,-900.,310.));
#2724 = DIRECTION('',(0.,1.,0.));
#2725 = DIRECTION('',(0.,0.,1.));
#2726 = ADVANCED_FACE('',(#2727),#2738,.F.);
#2727 = FACE_BOUND('',#2728,.F.);
#2728 = EDGE_LOOP('',(#2729,#2730,#2736,#2737));
#2729 = ORIENTED_EDGE('',*,*,#2693,.F.);
#2730 = ORIENTED_EDGE('',*,*,#2731,.F.);
#2731 = EDGE_CURVE('',#2714,#2694,#2732,.T.);
#2732 = LINE('',#2733,#2734);
#2733 = CARTESIAN_POINT('',(850.,-900.,485.));
#2734 = VECTOR('',#2735,1.);
#2735 = DIRECTION('',(0.,1.,0.));
#2736 = ORIENTED_EDGE('',*,*,#2713,.T.);
#2737 = ORIENTED_EDGE('',*,*,#2731,.T.);
#2738 = CYLINDRICAL_SURFACE('',#2739,175.);
#2739 = AXIS2_PLACEMENT_3D('',#2740,#2741,#2742);
#2740 = CARTESIAN_POINT('',(850.,-900.,310.));
#2741 = DIRECTION('',(0.,1.,0.));
#2742 = DIRECTION('',(0.,0.,1.));
#2743 = MANIFOLD_SOLID_BREP('',#2744);
#2744 = CLOSED_SHELL('',(#2745,#2778,#2787));
#2745 = ADVANCED_FACE('',(#2746),#2773,.T.);
#2746 = FACE_BOUND('',#2747,.T.);
#2747 = EDGE_LOOP('',(#2748,#2757,#2765,#2772));
#2748 = ORIENTED_EDGE('',*,*,#2749,.F.);
#2749 = EDGE_CURVE('',#2750,#2750,#2752,.T.);
#2750 = VERTEX_POINT('',#2751);
#2751 = CARTESIAN_POINT('',(850.,-656.,484.));
#2752 = CIRCLE('',#2753,174.);
#2753 = AXIS2_PLACEMENT_3D('',#2754,#2755,#2756);
#2754 = CARTESIAN_POINT('',(850.,-656.,310.));
#2755 = DIRECTION('',(0.,1.,0.));
#2756 = DIRECTION('',(0.,0.,1.));
#2757 = ORIENTED_EDGE('',*,*,#2758,.F.);
#2758 = EDGE_CURVE('',#2759,#2750,#2761,.T.);
#2759 = VERTEX_POINT('',#2760);
#2760 = CARTESIAN_POINT('',(850.,-894.,484.));
#2761 = LINE('',#2762,#2763);
#2762 = CARTESIAN_POINT('',(850.,-894.,484.));
#2763 = VECTOR('',#2764,1.);
#2764 = DIRECTION('',(0.,1.,0.));
#2765 = ORIENTED_EDGE('',*,*,#2766,.T.);
#2766 = EDGE_CURVE('',#2759,#2759,#2767,.T.);
#2767 = CIRCLE('',#2768,174.);
#2768 = AXIS2_PLACEMENT_3D('',#2769,#2770,#2771);
#2769 = CARTESIAN_POINT('',(850.,-894.,310.));
#2770 = DIRECTION('',(0.,1.,0.));
#2771 = DIRECTION('',(0.,0.,1.));
#2772 = ORIENTED_EDGE('',*,*,#2758,.T.);
#2773 = CYLINDRICAL_SURFACE('',#2774,174.);
#2774 = AXIS2_PLACEMENT_3D('',#2775,#2776,#2777);
#2775 = CARTESIAN_POINT('',(850.,-894.,310.));
#2776 = DIRECTION('',(0.,1.,0.));
#2777 = DIRECTION('',(0.,0.,1.));
#2778 = ADVANCED_FACE('',(#2779),#2782,.T.);
#2779 = FACE_BOUND('',#2780,.T.);
#2780 = EDGE_LOOP('',(#2781));
#2781 = ORIENTED_EDGE('',*,*,#2749,.T.);
#2782 = PLANE('',#2783);
#2783 = AXIS2_PLACEMENT_3D('',#2784,#2785,#2786);
#2784 = CARTESIAN_POINT('',(850.,-656.,310.));
#2785 = DIRECTION('',(0.,1.,0.));
#2786 = DIRECTION('',(0.,0.,1.));
#2787 = ADVANCED_FACE('',(#2788),#2791,.F.);
#2788 = FACE_BOUND('',#2789,.T.);
#2789 = EDGE_LOOP('',(#2790));
#2790 = ORIENTED_EDGE('',*,*,#2766,.F.);
#2791 = PLANE('',#2792);
#2792 = AXIS2_PLACEMENT_3D('',#2793,#2794,#2795);
#2793 = CARTESIAN_POINT('',(850.,-894.,310.));
#2794 = DIRECTION('',(0.,1.,0.));
#2795 = DIRECTION('',(0.,0.,1.));
#2796 = MANIFOLD_SOLID_BREP('',#2797);
#2797 = CLOSED_SHELL('',(#2798,#2831,#2840));
#2798 = ADVANCED_FACE('',(#2799),#2826,.T.);
#2799 = FACE_BOUND('',#2800,.T.);
#2800 = EDGE_LOOP('',(#2801,#2810,#2818,#2825));
#2801 = ORIENTED_EDGE('',*,*,#2802,.F.);
#2802 = EDGE_CURVE('',#2803,#2803,#2805,.T.);
#2803 = VERTEX_POINT('',#2804);
#2804 = CARTESIAN_POINT('',(835.09040276314,-780.8055068886,310.));
#2805 = CIRCLE('',#2806,16.);
#2806 = AXIS2_PLACEMENT_3D('',#2807,#2808,#2809);
#2807 = CARTESIAN_POINT('',(850.,-775.,310.));
#2808 = DIRECTION('',(0.361616693329,-0.928697416959,-8.218561212026E-02
    ));
#2809 = DIRECTION('',(-0.931849827304,-0.362844180543,
    -3.469446951954E-18));
#2810 = ORIENTED_EDGE('',*,*,#2811,.F.);
#2811 = EDGE_CURVE('',#2812,#2803,#2814,.T.);
#2812 = VERTEX_POINT('',#2813);
#2813 = CARTESIAN_POINT('',(615.09040276314,-215.8055068886,360.));
#2814 = LINE('',#2815,#2816);
#2815 = CARTESIAN_POINT('',(615.09040276314,-215.8055068886,360.));
#2816 = VECTOR('',#2817,1.);
#2817 = DIRECTION('',(0.361616693329,-0.928697416959,-8.218561212026E-02
    ));
#2818 = ORIENTED_EDGE('',*,*,#2819,.T.);
#2819 = EDGE_CURVE('',#2812,#2812,#2820,.T.);
#2820 = CIRCLE('',#2821,16.);
#2821 = AXIS2_PLACEMENT_3D('',#2822,#2823,#2824);
#2822 = CARTESIAN_POINT('',(630.,-210.,360.));
#2823 = DIRECTION('',(0.361616693329,-0.928697416959,-8.218561212026E-02
    ));
#2824 = DIRECTION('',(-0.931849827304,-0.362844180543,
    -3.469446951954E-18));
#2825 = ORIENTED_EDGE('',*,*,#2811,.T.);
#2826 = CYLINDRICAL_SURFACE('',#2827,16.);
#2827 = AXIS2_PLACEMENT_3D('',#2828,#2829,#2830);
#2828 = CARTESIAN_POINT('',(630.,-210.,360.));
#2829 = DIRECTION('',(0.361616693329,-0.928697416959,-8.218561212026E-02
    ));
#2830 = DIRECTION('',(-0.931849827304,-0.362844180543,0.));
#2831 = ADVANCED_FACE('',(#2832),#2835,.T.);
#2832 = FACE_BOUND('',#2833,.T.);
#2833 = EDGE_LOOP('',(#2834));
#2834 = ORIENTED_EDGE('',*,*,#2802,.T.);
#2835 = PLANE('',#2836);
#2836 = AXIS2_PLACEMENT_3D('',#2837,#2838,#2839);
#2837 = CARTESIAN_POINT('',(850.,-775.,310.));
#2838 = DIRECTION('',(0.361616693329,-0.928697416959,-8.218561212026E-02
    ));
#2839 = DIRECTION('',(-0.931849827304,-0.362844180543,0.));
#2840 = ADVANCED_FACE('',(#2841),#2844,.F.);
#2841 = FACE_BOUND('',#2842,.T.);
#2842 = EDGE_LOOP('',(#2843));
#2843 = ORIENTED_EDGE('',*,*,#2819,.F.);
#2844 = PLANE('',#2845);
#2845 = AXIS2_PLACEMENT_3D('',#2846,#2847,#2848);
#2846 = CARTESIAN_POINT('',(630.,-210.,360.));
#2847 = DIRECTION('',(0.361616693329,-0.928697416959,-8.218561212026E-02
    ));
#2848 = DIRECTION('',(-0.931849827304,-0.362844180543,0.));
#2849 = MANIFOLD_SOLID_BREP('',#2850);
#2850 = CLOSED_SHELL('',(#2851,#2884,#2893));
#2851 = ADVANCED_FACE('',(#2852),#2879,.T.);
#2852 = FACE_BOUND('',#2853,.T.);
#2853 = EDGE_LOOP('',(#2854,#2863,#2871,#2878));
#2854 = ORIENTED_EDGE('',*,*,#2855,.F.);
#2855 = EDGE_CURVE('',#2856,#2856,#2858,.T.);
#2856 = VERTEX_POINT('',#2857);
#2857 = CARTESIAN_POINT('',(835.09040276314,-769.1944931113,310.));
#2858 = CIRCLE('',#2859,16.);
#2859 = AXIS2_PLACEMENT_3D('',#2860,#2861,#2862);
#2860 = CARTESIAN_POINT('',(850.,-775.,310.));
#2861 = DIRECTION('',(-0.361616693329,-0.928697416959,
    -8.218561212026E-02));
#2862 = DIRECTION('',(-0.931849827304,0.362844180543,3.469446951954E-18)
  );
#2863 = ORIENTED_EDGE('',*,*,#2864,.F.);
#2864 = EDGE_CURVE('',#2865,#2856,#2867,.T.);
#2865 = VERTEX_POINT('',#2866);
#2866 = CARTESIAN_POINT('',(1.055090402763E+03,-204.1944931113,360.));
#2867 = LINE('',#2868,#2869);
#2868 = CARTESIAN_POINT('',(1.055090402763E+03,-204.1944931113,360.));
#2869 = VECTOR('',#2870,1.);
#2870 = DIRECTION('',(-0.361616693329,-0.928697416959,
    -8.218561212026E-02));
#2871 = ORIENTED_EDGE('',*,*,#2872,.T.);
#2872 = EDGE_CURVE('',#2865,#2865,#2873,.T.);
#2873 = CIRCLE('',#2874,16.);
#2874 = AXIS2_PLACEMENT_3D('',#2875,#2876,#2877);
#2875 = CARTESIAN_POINT('',(1.07E+03,-210.,360.));
#2876 = DIRECTION('',(-0.361616693329,-0.928697416959,
    -8.218561212026E-02));
#2877 = DIRECTION('',(-0.931849827304,0.362844180543,3.469446951954E-18)
  );
#2878 = ORIENTED_EDGE('',*,*,#2864,.T.);
#2879 = CYLINDRICAL_SURFACE('',#2880,16.);
#2880 = AXIS2_PLACEMENT_3D('',#2881,#2882,#2883);
#2881 = CARTESIAN_POINT('',(1.07E+03,-210.,360.));
#2882 = DIRECTION('',(-0.361616693329,-0.928697416959,
    -8.218561212026E-02));
#2883 = DIRECTION('',(-0.931849827304,0.362844180543,0.));
#2884 = ADVANCED_FACE('',(#2885),#2888,.T.);
#2885 = FACE_BOUND('',#2886,.T.);
#2886 = EDGE_LOOP('',(#2887));
#2887 = ORIENTED_EDGE('',*,*,#2855,.T.);
#2888 = PLANE('',#2889);
#2889 = AXIS2_PLACEMENT_3D('',#2890,#2891,#2892);
#2890 = CARTESIAN_POINT('',(850.,-775.,310.));
#2891 = DIRECTION('',(-0.361616693329,-0.928697416959,
    -8.218561212026E-02));
#2892 = DIRECTION('',(-0.931849827304,0.362844180543,0.));
#2893 = ADVANCED_FACE('',(#2894),#2897,.F.);
#2894 = FACE_BOUND('',#2895,.T.);
#2895 = EDGE_LOOP('',(#2896));
#2896 = ORIENTED_EDGE('',*,*,#2872,.F.);
#2897 = PLANE('',#2898);
#2898 = AXIS2_PLACEMENT_3D('',#2899,#2900,#2901);
#2899 = CARTESIAN_POINT('',(1.07E+03,-210.,360.));
#2900 = DIRECTION('',(-0.361616693329,-0.928697416959,
    -8.218561212026E-02));
#2901 = DIRECTION('',(-0.931849827304,0.362844180543,0.));
#2902 = MANIFOLD_SOLID_BREP('',#2903);
#2903 = CLOSED_SHELL('',(#2904,#2937,#2946));
#2904 = ADVANCED_FACE('',(#2905),#2932,.T.);
#2905 = FACE_BOUND('',#2906,.T.);
#2906 = EDGE_LOOP('',(#2907,#2916,#2924,#2931));
#2907 = ORIENTED_EDGE('',*,*,#2908,.F.);
#2908 = EDGE_CURVE('',#2909,#2909,#2911,.T.);
#2909 = VERTEX_POINT('',#2910);
#2910 = CARTESIAN_POINT('',(835.09040276314,-780.8055068886,220.));
#2911 = CIRCLE('',#2912,16.);
#2912 = AXIS2_PLACEMENT_3D('',#2913,#2914,#2915);
#2913 = CARTESIAN_POINT('',(850.,-775.,220.));
#2914 = DIRECTION('',(0.362646942406,-0.931343283907,3.296790385512E-02)
  );
#2915 = DIRECTION('',(-0.931849827304,-0.362844180543,1.734723475977E-18
    ));
#2916 = ORIENTED_EDGE('',*,*,#2917,.F.);
#2917 = EDGE_CURVE('',#2918,#2909,#2920,.T.);
#2918 = VERTEX_POINT('',#2919);
#2919 = CARTESIAN_POINT('',(615.09040276314,-215.8055068886,200.));
#2920 = LINE('',#2921,#2922);
#2921 = CARTESIAN_POINT('',(615.09040276314,-215.8055068886,200.));
#2922 = VECTOR('',#2923,1.);
#2923 = DIRECTION('',(0.362646942406,-0.931343283907,3.296790385512E-02)
  );
#2924 = ORIENTED_EDGE('',*,*,#2925,.T.);
#2925 = EDGE_CURVE('',#2918,#2918,#2926,.T.);
#2926 = CIRCLE('',#2927,16.);
#2927 = AXIS2_PLACEMENT_3D('',#2928,#2929,#2930);
#2928 = CARTESIAN_POINT('',(630.,-210.,200.));
#2929 = DIRECTION('',(0.362646942406,-0.931343283907,3.296790385512E-02)
  );
#2930 = DIRECTION('',(-0.931849827304,-0.362844180543,1.734723475977E-18
    ));
#2931 = ORIENTED_EDGE('',*,*,#2917,.T.);
#2932 = CYLINDRICAL_SURFACE('',#2933,16.);
#2933 = AXIS2_PLACEMENT_3D('',#2934,#2935,#2936);
#2934 = CARTESIAN_POINT('',(630.,-210.,200.));
#2935 = DIRECTION('',(0.362646942406,-0.931343283907,3.296790385512E-02)
  );
#2936 = DIRECTION('',(-0.931849827304,-0.362844180543,0.));
#2937 = ADVANCED_FACE('',(#2938),#2941,.T.);
#2938 = FACE_BOUND('',#2939,.T.);
#2939 = EDGE_LOOP('',(#2940));
#2940 = ORIENTED_EDGE('',*,*,#2908,.T.);
#2941 = PLANE('',#2942);
#2942 = AXIS2_PLACEMENT_3D('',#2943,#2944,#2945);
#2943 = CARTESIAN_POINT('',(850.,-775.,220.));
#2944 = DIRECTION('',(0.362646942406,-0.931343283907,3.296790385512E-02)
  );
#2945 = DIRECTION('',(-0.931849827304,-0.362844180543,0.));
#2946 = ADVANCED_FACE('',(#2947),#2950,.F.);
#2947 = FACE_BOUND('',#2948,.T.);
#2948 = EDGE_LOOP('',(#2949));
#2949 = ORIENTED_EDGE('',*,*,#2925,.F.);
#2950 = PLANE('',#2951);
#2951 = AXIS2_PLACEMENT_3D('',#2952,#2953,#2954);
#2952 = CARTESIAN_POINT('',(630.,-210.,200.));
#2953 = DIRECTION('',(0.362646942406,-0.931343283907,3.296790385512E-02)
  );
#2954 = DIRECTION('',(-0.931849827304,-0.362844180543,0.));
#2955 = MANIFOLD_SOLID_BREP('',#2956);
#2956 = CLOSED_SHELL('',(#2957,#2990,#2999));
#2957 = ADVANCED_FACE('',(#2958),#2985,.T.);
#2958 = FACE_BOUND('',#2959,.T.);
#2959 = EDGE_LOOP('',(#2960,#2969,#2977,#2984));
#2960 = ORIENTED_EDGE('',*,*,#2961,.F.);
#2961 = EDGE_CURVE('',#2962,#2962,#2964,.T.);
#2962 = VERTEX_POINT('',#2963);
#2963 = CARTESIAN_POINT('',(835.09040276314,-769.1944931113,220.));
#2964 = CIRCLE('',#2965,16.);
#2965 = AXIS2_PLACEMENT_3D('',#2966,#2967,#2968);
#2966 = CARTESIAN_POINT('',(850.,-775.,220.));
#2967 = DIRECTION('',(-0.362646942406,-0.931343283907,3.296790385512E-02
    ));
#2968 = DIRECTION('',(-0.931849827304,0.362844180543,-1.734723475977E-18
    ));
#2969 = ORIENTED_EDGE('',*,*,#2970,.F.);
#2970 = EDGE_CURVE('',#2971,#2962,#2973,.T.);
#2971 = VERTEX_POINT('',#2972);
#2972 = CARTESIAN_POINT('',(1.055090402763E+03,-204.1944931113,200.));
#2973 = LINE('',#2974,#2975);
#2974 = CARTESIAN_POINT('',(1.055090402763E+03,-204.1944931113,200.));
#2975 = VECTOR('',#2976,1.);
#2976 = DIRECTION('',(-0.362646942406,-0.931343283907,3.296790385512E-02
    ));
#2977 = ORIENTED_EDGE('',*,*,#2978,.T.);
#2978 = EDGE_CURVE('',#2971,#2971,#2979,.T.);
#2979 = CIRCLE('',#2980,16.);
#2980 = AXIS2_PLACEMENT_3D('',#2981,#2982,#2983);
#2981 = CARTESIAN_POINT('',(1.07E+03,-210.,200.));
#2982 = DIRECTION('',(-0.362646942406,-0.931343283907,3.296790385512E-02
    ));
#2983 = DIRECTION('',(-0.931849827304,0.362844180543,-1.734723475977E-18
    ));
#2984 = ORIENTED_EDGE('',*,*,#2970,.T.);
#2985 = CYLINDRICAL_SURFACE('',#2986,16.);
#2986 = AXIS2_PLACEMENT_3D('',#2987,#2988,#2989);
#2987 = CARTESIAN_POINT('',(1.07E+03,-210.,200.));
#2988 = DIRECTION('',(-0.362646942406,-0.931343283907,3.296790385512E-02
    ));
#2989 = DIRECTION('',(-0.931849827304,0.362844180543,0.));
#2990 = ADVANCED_FACE('',(#2991),#2994,.T.);
#2991 = FACE_BOUND('',#2992,.T.);
#2992 = EDGE_LOOP('',(#2993));
#2993 = ORIENTED_EDGE('',*,*,#2961,.T.);
#2994 = PLANE('',#2995);
#2995 = AXIS2_PLACEMENT_3D('',#2996,#2997,#2998);
#2996 = CARTESIAN_POINT('',(850.,-775.,220.));
#2997 = DIRECTION('',(-0.362646942406,-0.931343283907,3.296790385512E-02
    ));
#2998 = DIRECTION('',(-0.931849827304,0.362844180543,0.));
#2999 = ADVANCED_FACE('',(#3000),#3003,.F.);
#3000 = FACE_BOUND('',#3001,.T.);
#3001 = EDGE_LOOP('',(#3002));
#3002 = ORIENTED_EDGE('',*,*,#2978,.F.);
#3003 = PLANE('',#3004);
#3004 = AXIS2_PLACEMENT_3D('',#3005,#3006,#3007);
#3005 = CARTESIAN_POINT('',(1.07E+03,-210.,200.));
#3006 = DIRECTION('',(-0.362646942406,-0.931343283907,3.296790385512E-02
    ));
#3007 = DIRECTION('',(-0.931849827304,0.362844180543,0.));
#3008 = MANIFOLD_SOLID_BREP('',#3009);
#3009 = CLOSED_SHELL('',(#3010,#3043,#3063,#3083));
#3010 = ADVANCED_FACE('',(#3011),#3038,.T.);
#3011 = FACE_BOUND('',#3012,.T.);
#3012 = EDGE_LOOP('',(#3013,#3022,#3030,#3037));
#3013 = ORIENTED_EDGE('',*,*,#3014,.F.);
#3014 = EDGE_CURVE('',#3015,#3015,#3017,.T.);
#3015 = VERTEX_POINT('',#3016);
#3016 = CARTESIAN_POINT('',(3.6E+03,900.,620.));
#3017 = CIRCLE('',#3018,310.);
#3018 = AXIS2_PLACEMENT_3D('',#3019,#3020,#3021);
#3019 = CARTESIAN_POINT('',(3.6E+03,900.,310.));
#3020 = DIRECTION('',(0.,1.,0.));
#3021 = DIRECTION('',(0.,0.,1.));
#3022 = ORIENTED_EDGE('',*,*,#3023,.F.);
#3023 = EDGE_CURVE('',#3024,#3015,#3026,.T.);
#3024 = VERTEX_POINT('',#3025);
#3025 = CARTESIAN_POINT('',(3.6E+03,580.,620.));
#3026 = LINE('',#3027,#3028);
#3027 = CARTESIAN_POINT('',(3.6E+03,580.,620.));
#3028 = VECTOR('',#3029,1.);
#3029 = DIRECTION('',(0.,1.,0.));
#3030 = ORIENTED_EDGE('',*,*,#3031,.T.);
#3031 = EDGE_CURVE('',#3024,#3024,#3032,.T.);
#3032 = CIRCLE('',#3033,310.);
#3033 = AXIS2_PLACEMENT_3D('',#3034,#3035,#3036);
#3034 = CARTESIAN_POINT('',(3.6E+03,580.,310.));
#3035 = DIRECTION('',(0.,1.,0.));
#3036 = DIRECTION('',(0.,0.,1.));
#3037 = ORIENTED_EDGE('',*,*,#3023,.T.);
#3038 = CYLINDRICAL_SURFACE('',#3039,310.);
#3039 = AXIS2_PLACEMENT_3D('',#3040,#3041,#3042);
#3040 = CARTESIAN_POINT('',(3.6E+03,580.,310.));
#3041 = DIRECTION('',(0.,1.,0.));
#3042 = DIRECTION('',(0.,0.,1.));
#3043 = ADVANCED_FACE('',(#3044,#3047),#3058,.T.);
#3044 = FACE_BOUND('',#3045,.T.);
#3045 = EDGE_LOOP('',(#3046));
#3046 = ORIENTED_EDGE('',*,*,#3014,.T.);
#3047 = FACE_BOUND('',#3048,.T.);
#3048 = EDGE_LOOP('',(#3049));
#3049 = ORIENTED_EDGE('',*,*,#3050,.F.);
#3050 = EDGE_CURVE('',#3051,#3051,#3053,.T.);
#3051 = VERTEX_POINT('',#3052);
#3052 = CARTESIAN_POINT('',(3.6E+03,900.,485.));
#3053 = CIRCLE('',#3054,175.);
#3054 = AXIS2_PLACEMENT_3D('',#3055,#3056,#3057);
#3055 = CARTESIAN_POINT('',(3.6E+03,900.,310.));
#3056 = DIRECTION('',(0.,1.,0.));
#3057 = DIRECTION('',(0.,0.,1.));
#3058 = PLANE('',#3059);
#3059 = AXIS2_PLACEMENT_3D('',#3060,#3061,#3062);
#3060 = CARTESIAN_POINT('',(3.6E+03,900.,310.));
#3061 = DIRECTION('',(0.,1.,0.));
#3062 = DIRECTION('',(0.,0.,1.));
#3063 = ADVANCED_FACE('',(#3064,#3067),#3078,.F.);
#3064 = FACE_BOUND('',#3065,.F.);
#3065 = EDGE_LOOP('',(#3066));
#3066 = ORIENTED_EDGE('',*,*,#3031,.T.);
#3067 = FACE_BOUND('',#3068,.F.);
#3068 = EDGE_LOOP('',(#3069));
#3069 = ORIENTED_EDGE('',*,*,#3070,.F.);
#3070 = EDGE_CURVE('',#3071,#3071,#3073,.T.);
#3071 = VERTEX_POINT('',#3072);
#3072 = CARTESIAN_POINT('',(3.6E+03,580.,485.));
#3073 = CIRCLE('',#3074,175.);
#3074 = AXIS2_PLACEMENT_3D('',#3075,#3076,#3077);
#3075 = CARTESIAN_POINT('',(3.6E+03,580.,310.));
#3076 = DIRECTION('',(0.,1.,0.));
#3077 = DIRECTION('',(0.,0.,1.));
#3078 = PLANE('',#3079);
#3079 = AXIS2_PLACEMENT_3D('',#3080,#3081,#3082);
#3080 = CARTESIAN_POINT('',(3.6E+03,580.,310.));
#3081 = DIRECTION('',(0.,1.,0.));
#3082 = DIRECTION('',(0.,0.,1.));
#3083 = ADVANCED_FACE('',(#3084),#3095,.F.);
#3084 = FACE_BOUND('',#3085,.F.);
#3085 = EDGE_LOOP('',(#3086,#3087,#3093,#3094));
#3086 = ORIENTED_EDGE('',*,*,#3050,.F.);
#3087 = ORIENTED_EDGE('',*,*,#3088,.F.);
#3088 = EDGE_CURVE('',#3071,#3051,#3089,.T.);
#3089 = LINE('',#3090,#3091);
#3090 = CARTESIAN_POINT('',(3.6E+03,580.,485.));
#3091 = VECTOR('',#3092,1.);
#3092 = DIRECTION('',(0.,1.,0.));
#3093 = ORIENTED_EDGE('',*,*,#3070,.T.);
#3094 = ORIENTED_EDGE('',*,*,#3088,.T.);
#3095 = CYLINDRICAL_SURFACE('',#3096,175.);
#3096 = AXIS2_PLACEMENT_3D('',#3097,#3098,#3099);
#3097 = CARTESIAN_POINT('',(3.6E+03,580.,310.));
#3098 = DIRECTION('',(0.,1.,0.));
#3099 = DIRECTION('',(0.,0.,1.));
#3100 = MANIFOLD_SOLID_BREP('',#3101);
#3101 = CLOSED_SHELL('',(#3102,#3135,#3144));
#3102 = ADVANCED_FACE('',(#3103),#3130,.T.);
#3103 = FACE_BOUND('',#3104,.T.);
#3104 = EDGE_LOOP('',(#3105,#3114,#3122,#3129));
#3105 = ORIENTED_EDGE('',*,*,#3106,.F.);
#3106 = EDGE_CURVE('',#3107,#3107,#3109,.T.);
#3107 = VERTEX_POINT('',#3108);
#3108 = CARTESIAN_POINT('',(3.6E+03,894.,484.));
#3109 = CIRCLE('',#3110,174.);
#3110 = AXIS2_PLACEMENT_3D('',#3111,#3112,#3113);
#3111 = CARTESIAN_POINT('',(3.6E+03,894.,310.));
#3112 = DIRECTION('',(0.,1.,0.));
#3113 = DIRECTION('',(0.,0.,1.));
#3114 = ORIENTED_EDGE('',*,*,#3115,.F.);
#3115 = EDGE_CURVE('',#3116,#3107,#3118,.T.);
#3116 = VERTEX_POINT('',#3117);
#3117 = CARTESIAN_POINT('',(3.6E+03,586.,484.));
#3118 = LINE('',#3119,#3120);
#3119 = CARTESIAN_POINT('',(3.6E+03,586.,484.));
#3120 = VECTOR('',#3121,1.);
#3121 = DIRECTION('',(0.,1.,0.));
#3122 = ORIENTED_EDGE('',*,*,#3123,.T.);
#3123 = EDGE_CURVE('',#3116,#3116,#3124,.T.);
#3124 = CIRCLE('',#3125,174.);
#3125 = AXIS2_PLACEMENT_3D('',#3126,#3127,#3128);
#3126 = CARTESIAN_POINT('',(3.6E+03,586.,310.));
#3127 = DIRECTION('',(0.,1.,0.));
#3128 = DIRECTION('',(0.,0.,1.));
#3129 = ORIENTED_EDGE('',*,*,#3115,.T.);
#3130 = CYLINDRICAL_SURFACE('',#3131,174.);
#3131 = AXIS2_PLACEMENT_3D('',#3132,#3133,#3134);
#3132 = CARTESIAN_POINT('',(3.6E+03,586.,310.));
#3133 = DIRECTION('',(0.,1.,0.));
#3134 = DIRECTION('',(0.,0.,1.));
#3135 = ADVANCED_FACE('',(#3136),#3139,.T.);
#3136 = FACE_BOUND('',#3137,.T.);
#3137 = EDGE_LOOP('',(#3138));
#3138 = ORIENTED_EDGE('',*,*,#3106,.T.);
#3139 = PLANE('',#3140);
#3140 = AXIS2_PLACEMENT_3D('',#3141,#3142,#3143);
#3141 = CARTESIAN_POINT('',(3.6E+03,894.,310.));
#3142 = DIRECTION('',(0.,1.,0.));
#3143 = DIRECTION('',(0.,0.,1.));
#3144 = ADVANCED_FACE('',(#3145),#3148,.F.);
#3145 = FACE_BOUND('',#3146,.T.);
#3146 = EDGE_LOOP('',(#3147));
#3147 = ORIENTED_EDGE('',*,*,#3123,.F.);
#3148 = PLANE('',#3149);
#3149 = AXIS2_PLACEMENT_3D('',#3150,#3151,#3152);
#3150 = CARTESIAN_POINT('',(3.6E+03,586.,310.));
#3151 = DIRECTION('',(0.,1.,0.));
#3152 = DIRECTION('',(0.,0.,1.));
#3153 = MANIFOLD_SOLID_BREP('',#3154);
#3154 = CLOSED_SHELL('',(#3155,#3188,#3197));
#3155 = ADVANCED_FACE('',(#3156),#3183,.T.);
#3156 = FACE_BOUND('',#3157,.T.);
#3157 = EDGE_LOOP('',(#3158,#3167,#3175,#3182));
#3158 = ORIENTED_EDGE('',*,*,#3159,.F.);
#3159 = EDGE_CURVE('',#3160,#3160,#3162,.T.);
#3160 = VERTEX_POINT('',#3161);
#3161 = CARTESIAN_POINT('',(3.614777466616E+03,733.86595725373,310.));
#3162 = CIRCLE('',#3163,16.);
#3163 = AXIS2_PLACEMENT_3D('',#3164,#3165,#3166);
#3164 = CARTESIAN_POINT('',(3.6E+03,740.,310.));
#3165 = DIRECTION('',(0.381930630652,0.920105610208,-8.680241605735E-02)
  );
#3166 = DIRECTION('',(0.9235916635,-0.383377671642,3.469446951954E-18));
#3167 = ORIENTED_EDGE('',*,*,#3168,.F.);
#3168 = EDGE_CURVE('',#3169,#3160,#3171,.T.);
#3169 = VERTEX_POINT('',#3170);
#3170 = CARTESIAN_POINT('',(3.394777466616E+03,203.86595725373,360.));
#3171 = LINE('',#3172,#3173);
#3172 = CARTESIAN_POINT('',(3.394777466616E+03,203.86595725373,360.));
#3173 = VECTOR('',#3174,1.);
#3174 = DIRECTION('',(0.381930630652,0.920105610208,-8.680241605735E-02)
  );
#3175 = ORIENTED_EDGE('',*,*,#3176,.T.);
#3176 = EDGE_CURVE('',#3169,#3169,#3177,.T.);
#3177 = CIRCLE('',#3178,16.);
#3178 = AXIS2_PLACEMENT_3D('',#3179,#3180,#3181);
#3179 = CARTESIAN_POINT('',(3.38E+03,210.,360.));
#3180 = DIRECTION('',(0.381930630652,0.920105610208,-8.680241605735E-02)
  );
#3181 = DIRECTION('',(0.9235916635,-0.383377671642,3.469446951954E-18));
#3182 = ORIENTED_EDGE('',*,*,#3168,.T.);
#3183 = CYLINDRICAL_SURFACE('',#3184,16.);
#3184 = AXIS2_PLACEMENT_3D('',#3185,#3186,#3187);
#3185 = CARTESIAN_POINT('',(3.38E+03,210.,360.));
#3186 = DIRECTION('',(0.381930630652,0.920105610208,-8.680241605735E-02)
  );
#3187 = DIRECTION('',(0.9235916635,-0.383377671642,3.469446951954E-18));
#3188 = ADVANCED_FACE('',(#3189),#3192,.T.);
#3189 = FACE_BOUND('',#3190,.T.);
#3190 = EDGE_LOOP('',(#3191));
#3191 = ORIENTED_EDGE('',*,*,#3159,.T.);
#3192 = PLANE('',#3193);
#3193 = AXIS2_PLACEMENT_3D('',#3194,#3195,#3196);
#3194 = CARTESIAN_POINT('',(3.6E+03,740.,310.));
#3195 = DIRECTION('',(0.381930630652,0.920105610208,-8.680241605735E-02)
  );
#3196 = DIRECTION('',(0.9235916635,-0.383377671642,3.469446951954E-18));
#3197 = ADVANCED_FACE('',(#3198),#3201,.F.);
#3198 = FACE_BOUND('',#3199,.T.);
#3199 = EDGE_LOOP('',(#3200));
#3200 = ORIENTED_EDGE('',*,*,#3176,.F.);
#3201 = PLANE('',#3202);
#3202 = AXIS2_PLACEMENT_3D('',#3203,#3204,#3205);
#3203 = CARTESIAN_POINT('',(3.38E+03,210.,360.));
#3204 = DIRECTION('',(0.381930630652,0.920105610208,-8.680241605735E-02)
  );
#3205 = DIRECTION('',(0.9235916635,-0.383377671642,3.469446951954E-18));
#3206 = MANIFOLD_SOLID_BREP('',#3207);
#3207 = CLOSED_SHELL('',(#3208,#3241,#3250));
#3208 = ADVANCED_FACE('',(#3209),#3236,.T.);
#3209 = FACE_BOUND('',#3210,.T.);
#3210 = EDGE_LOOP('',(#3211,#3220,#3228,#3235));
#3211 = ORIENTED_EDGE('',*,*,#3212,.F.);
#3212 = EDGE_CURVE('',#3213,#3213,#3215,.T.);
#3213 = VERTEX_POINT('',#3214);
#3214 = CARTESIAN_POINT('',(3.614777466616E+03,746.13404274626,310.));
#3215 = CIRCLE('',#3216,16.);
#3216 = AXIS2_PLACEMENT_3D('',#3217,#3218,#3219);
#3217 = CARTESIAN_POINT('',(3.6E+03,740.,310.));
#3218 = DIRECTION('',(-0.381930630652,0.920105610208,-8.680241605735E-02
    ));
#3219 = DIRECTION('',(0.9235916635,0.383377671642,-3.469446951954E-18));
#3220 = ORIENTED_EDGE('',*,*,#3221,.F.);
#3221 = EDGE_CURVE('',#3222,#3213,#3224,.T.);
#3222 = VERTEX_POINT('',#3223);
#3223 = CARTESIAN_POINT('',(3.834777466616E+03,216.13404274626,360.));
#3224 = LINE('',#3225,#3226);
#3225 = CARTESIAN_POINT('',(3.834777466616E+03,216.13404274626,360.));
#3226 = VECTOR('',#3227,1.);
#3227 = DIRECTION('',(-0.381930630652,0.920105610208,-8.680241605735E-02
    ));
#3228 = ORIENTED_EDGE('',*,*,#3229,.T.);
#3229 = EDGE_CURVE('',#3222,#3222,#3230,.T.);
#3230 = CIRCLE('',#3231,16.);
#3231 = AXIS2_PLACEMENT_3D('',#3232,#3233,#3234);
#3232 = CARTESIAN_POINT('',(3.82E+03,210.,360.));
#3233 = DIRECTION('',(-0.381930630652,0.920105610208,-8.680241605735E-02
    ));
#3234 = DIRECTION('',(0.9235916635,0.383377671642,-3.469446951954E-18));
#3235 = ORIENTED_EDGE('',*,*,#3221,.T.);
#3236 = CYLINDRICAL_SURFACE('',#3237,16.);
#3237 = AXIS2_PLACEMENT_3D('',#3238,#3239,#3240);
#3238 = CARTESIAN_POINT('',(3.82E+03,210.,360.));
#3239 = DIRECTION('',(-0.381930630652,0.920105610208,-8.680241605735E-02
    ));
#3240 = DIRECTION('',(0.9235916635,0.383377671642,-3.469446951954E-18));
#3241 = ADVANCED_FACE('',(#3242),#3245,.T.);
#3242 = FACE_BOUND('',#3243,.T.);
#3243 = EDGE_LOOP('',(#3244));
#3244 = ORIENTED_EDGE('',*,*,#3212,.T.);
#3245 = PLANE('',#3246);
#3246 = AXIS2_PLACEMENT_3D('',#3247,#3248,#3249);
#3247 = CARTESIAN_POINT('',(3.6E+03,740.,310.));
#3248 = DIRECTION('',(-0.381930630652,0.920105610208,-8.680241605735E-02
    ));
#3249 = DIRECTION('',(0.9235916635,0.383377671642,-3.469446951954E-18));
#3250 = ADVANCED_FACE('',(#3251),#3254,.F.);
#3251 = FACE_BOUND('',#3252,.T.);
#3252 = EDGE_LOOP('',(#3253));
#3253 = ORIENTED_EDGE('',*,*,#3229,.F.);
#3254 = PLANE('',#3255);
#3255 = AXIS2_PLACEMENT_3D('',#3256,#3257,#3258);
#3256 = CARTESIAN_POINT('',(3.82E+03,210.,360.));
#3257 = DIRECTION('',(-0.381930630652,0.920105610208,-8.680241605735E-02
    ));
#3258 = DIRECTION('',(0.9235916635,0.383377671642,-3.469446951954E-18));
#3259 = MANIFOLD_SOLID_BREP('',#3260);
#3260 = CLOSED_SHELL('',(#3261,#3294,#3303));
#3261 = ADVANCED_FACE('',(#3262),#3289,.T.);
#3262 = FACE_BOUND('',#3263,.T.);
#3263 = EDGE_LOOP('',(#3264,#3273,#3281,#3288));
#3264 = ORIENTED_EDGE('',*,*,#3265,.F.);
#3265 = EDGE_CURVE('',#3266,#3266,#3268,.T.);
#3266 = VERTEX_POINT('',#3267);
#3267 = CARTESIAN_POINT('',(3.614777466616E+03,733.86595725373,220.));
#3268 = CIRCLE('',#3269,16.);
#3269 = AXIS2_PLACEMENT_3D('',#3270,#3271,#3272);
#3270 = CARTESIAN_POINT('',(3.6E+03,740.,220.));
#3271 = DIRECTION('',(0.383145039538,0.923031231614,3.483136723071E-02)
  );
#3272 = DIRECTION('',(0.9235916635,-0.383377671642,0.));
#3273 = ORIENTED_EDGE('',*,*,#3274,.F.);
#3274 = EDGE_CURVE('',#3275,#3266,#3277,.T.);
#3275 = VERTEX_POINT('',#3276);
#3276 = CARTESIAN_POINT('',(3.394777466616E+03,203.86595725373,200.));
#3277 = LINE('',#3278,#3279);
#3278 = CARTESIAN_POINT('',(3.394777466616E+03,203.86595725373,200.));
#3279 = VECTOR('',#3280,1.);
#3280 = DIRECTION('',(0.383145039538,0.923031231614,3.483136723071E-02)
  );
#3281 = ORIENTED_EDGE('',*,*,#3282,.T.);
#3282 = EDGE_CURVE('',#3275,#3275,#3283,.T.);
#3283 = CIRCLE('',#3284,16.);
#3284 = AXIS2_PLACEMENT_3D('',#3285,#3286,#3287);
#3285 = CARTESIAN_POINT('',(3.38E+03,210.,200.));
#3286 = DIRECTION('',(0.383145039538,0.923031231614,3.483136723071E-02)
  );
#3287 = DIRECTION('',(0.9235916635,-0.383377671642,0.));
#3288 = ORIENTED_EDGE('',*,*,#3274,.T.);
#3289 = CYLINDRICAL_SURFACE('',#3290,16.);
#3290 = AXIS2_PLACEMENT_3D('',#3291,#3292,#3293);
#3291 = CARTESIAN_POINT('',(3.38E+03,210.,200.));
#3292 = DIRECTION('',(0.383145039538,0.923031231614,3.483136723071E-02)
  );
#3293 = DIRECTION('',(0.9235916635,-0.383377671642,0.));
#3294 = ADVANCED_FACE('',(#3295),#3298,.T.);
#3295 = FACE_BOUND('',#3296,.T.);
#3296 = EDGE_LOOP('',(#3297));
#3297 = ORIENTED_EDGE('',*,*,#3265,.T.);
#3298 = PLANE('',#3299);
#3299 = AXIS2_PLACEMENT_3D('',#3300,#3301,#3302);
#3300 = CARTESIAN_POINT('',(3.6E+03,740.,220.));
#3301 = DIRECTION('',(0.383145039538,0.923031231614,3.483136723071E-02)
  );
#3302 = DIRECTION('',(0.9235916635,-0.383377671642,0.));
#3303 = ADVANCED_FACE('',(#3304),#3307,.F.);
#3304 = FACE_BOUND('',#3305,.T.);
#3305 = EDGE_LOOP('',(#3306));
#3306 = ORIENTED_EDGE('',*,*,#3282,.F.);
#3307 = PLANE('',#3308);
#3308 = AXIS2_PLACEMENT_3D('',#3309,#3310,#3311);
#3309 = CARTESIAN_POINT('',(3.38E+03,210.,200.));
#3310 = DIRECTION('',(0.383145039538,0.923031231614,3.483136723071E-02)
  );
#3311 = DIRECTION('',(0.9235916635,-0.383377671642,0.));
#3312 = MANIFOLD_SOLID_BREP('',#3313);
#3313 = CLOSED_SHELL('',(#3314,#3347,#3356));
#3314 = ADVANCED_FACE('',(#3315),#3342,.T.);
#3315 = FACE_BOUND('',#3316,.T.);
#3316 = EDGE_LOOP('',(#3317,#3326,#3334,#3341));
#3317 = ORIENTED_EDGE('',*,*,#3318,.F.);
#3318 = EDGE_CURVE('',#3319,#3319,#3321,.T.);
#3319 = VERTEX_POINT('',#3320);
#3320 = CARTESIAN_POINT('',(3.614777466616E+03,746.13404274626,220.));
#3321 = CIRCLE('',#3322,16.);
#3322 = AXIS2_PLACEMENT_3D('',#3323,#3324,#3325);
#3323 = CARTESIAN_POINT('',(3.6E+03,740.,220.));
#3324 = DIRECTION('',(-0.383145039538,0.923031231614,3.483136723071E-02)
  );
#3325 = DIRECTION('',(0.9235916635,0.383377671642,0.));
#3326 = ORIENTED_EDGE('',*,*,#3327,.F.);
#3327 = EDGE_CURVE('',#3328,#3319,#3330,.T.);
#3328 = VERTEX_POINT('',#3329);
#3329 = CARTESIAN_POINT('',(3.834777466616E+03,216.13404274626,200.));
#3330 = LINE('',#3331,#3332);
#3331 = CARTESIAN_POINT('',(3.834777466616E+03,216.13404274626,200.));
#3332 = VECTOR('',#3333,1.);
#3333 = DIRECTION('',(-0.383145039538,0.923031231614,3.483136723071E-02)
  );
#3334 = ORIENTED_EDGE('',*,*,#3335,.T.);
#3335 = EDGE_CURVE('',#3328,#3328,#3336,.T.);
#3336 = CIRCLE('',#3337,16.);
#3337 = AXIS2_PLACEMENT_3D('',#3338,#3339,#3340);
#3338 = CARTESIAN_POINT('',(3.82E+03,210.,200.));
#3339 = DIRECTION('',(-0.383145039538,0.923031231614,3.483136723071E-02)
  );
#3340 = DIRECTION('',(0.9235916635,0.383377671642,0.));
#3341 = ORIENTED_EDGE('',*,*,#3327,.T.);
#3342 = CYLINDRICAL_SURFACE('',#3343,16.);
#3343 = AXIS2_PLACEMENT_3D('',#3344,#3345,#3346);
#3344 = CARTESIAN_POINT('',(3.82E+03,210.,200.));
#3345 = DIRECTION('',(-0.383145039538,0.923031231614,3.483136723071E-02)
  );
#3346 = DIRECTION('',(0.9235916635,0.383377671642,0.));
#3347 = ADVANCED_FACE('',(#3348),#3351,.T.);
#3348 = FACE_BOUND('',#3349,.T.);
#3349 = EDGE_LOOP('',(#3350));
#3350 = ORIENTED_EDGE('',*,*,#3318,.T.);
#3351 = PLANE('',#3352);
#3352 = AXIS2_PLACEMENT_3D('',#3353,#3354,#3355);
#3353 = CARTESIAN_POINT('',(3.6E+03,740.,220.));
#3354 = DIRECTION('',(-0.383145039538,0.923031231614,3.483136723071E-02)
  );
#3355 = DIRECTION('',(0.9235916635,0.383377671642,0.));
#3356 = ADVANCED_FACE('',(#3357),#3360,.F.);
#3357 = FACE_BOUND('',#3358,.T.);
#3358 = EDGE_LOOP('',(#3359));
#3359 = ORIENTED_EDGE('',*,*,#3335,.F.);
#3360 = PLANE('',#3361);
#3361 = AXIS2_PLACEMENT_3D('',#3362,#3363,#3364);
#3362 = CARTESIAN_POINT('',(3.82E+03,210.,200.));
#3363 = DIRECTION('',(-0.383145039538,0.923031231614,3.483136723071E-02)
  );
#3364 = DIRECTION('',(0.9235916635,0.383377671642,0.));
#3365 = MANIFOLD_SOLID_BREP('',#3366);
#3366 = CLOSED_SHELL('',(#3367,#3400,#3420,#3440));
#3367 = ADVANCED_FACE('',(#3368),#3395,.T.);
#3368 = FACE_BOUND('',#3369,.T.);
#3369 = EDGE_LOOP('',(#3370,#3379,#3387,#3394));
#3370 = ORIENTED_EDGE('',*,*,#3371,.F.);
#3371 = EDGE_CURVE('',#3372,#3372,#3374,.T.);
#3372 = VERTEX_POINT('',#3373);
#3373 = CARTESIAN_POINT('',(3.6E+03,-580.,620.));
#3374 = CIRCLE('',#3375,310.);
#3375 = AXIS2_PLACEMENT_3D('',#3376,#3377,#3378);
#3376 = CARTESIAN_POINT('',(3.6E+03,-580.,310.));
#3377 = DIRECTION('',(0.,1.,0.));
#3378 = DIRECTION('',(0.,0.,1.));
#3379 = ORIENTED_EDGE('',*,*,#3380,.F.);
#3380 = EDGE_CURVE('',#3381,#3372,#3383,.T.);
#3381 = VERTEX_POINT('',#3382);
#3382 = CARTESIAN_POINT('',(3.6E+03,-900.,620.));
#3383 = LINE('',#3384,#3385);
#3384 = CARTESIAN_POINT('',(3.6E+03,-900.,620.));
#3385 = VECTOR('',#3386,1.);
#3386 = DIRECTION('',(0.,1.,0.));
#3387 = ORIENTED_EDGE('',*,*,#3388,.T.);
#3388 = EDGE_CURVE('',#3381,#3381,#3389,.T.);
#3389 = CIRCLE('',#3390,310.);
#3390 = AXIS2_PLACEMENT_3D('',#3391,#3392,#3393);
#3391 = CARTESIAN_POINT('',(3.6E+03,-900.,310.));
#3392 = DIRECTION('',(0.,1.,0.));
#3393 = DIRECTION('',(0.,0.,1.));
#3394 = ORIENTED_EDGE('',*,*,#3380,.T.);
#3395 = CYLINDRICAL_SURFACE('',#3396,310.);
#3396 = AXIS2_PLACEMENT_3D('',#3397,#3398,#3399);
#3397 = CARTESIAN_POINT('',(3.6E+03,-900.,310.));
#3398 = DIRECTION('',(0.,1.,0.));
#3399 = DIRECTION('',(0.,0.,1.));
#3400 = ADVANCED_FACE('',(#3401,#3404),#3415,.T.);
#3401 = FACE_BOUND('',#3402,.T.);
#3402 = EDGE_LOOP('',(#3403));
#3403 = ORIENTED_EDGE('',*,*,#3371,.T.);
#3404 = FACE_BOUND('',#3405,.T.);
#3405 = EDGE_LOOP('',(#3406));
#3406 = ORIENTED_EDGE('',*,*,#3407,.F.);
#3407 = EDGE_CURVE('',#3408,#3408,#3410,.T.);
#3408 = VERTEX_POINT('',#3409);
#3409 = CARTESIAN_POINT('',(3.6E+03,-580.,485.));
#3410 = CIRCLE('',#3411,175.);
#3411 = AXIS2_PLACEMENT_3D('',#3412,#3413,#3414);
#3412 = CARTESIAN_POINT('',(3.6E+03,-580.,310.));
#3413 = DIRECTION('',(0.,1.,0.));
#3414 = DIRECTION('',(0.,0.,1.));
#3415 = PLANE('',#3416);
#3416 = AXIS2_PLACEMENT_3D('',#3417,#3418,#3419);
#3417 = CARTESIAN_POINT('',(3.6E+03,-580.,310.));
#3418 = DIRECTION('',(0.,1.,0.));
#3419 = DIRECTION('',(0.,0.,1.));
#3420 = ADVANCED_FACE('',(#3421,#3424),#3435,.F.);
#3421 = FACE_BOUND('',#3422,.F.);
#3422 = EDGE_LOOP('',(#3423));
#3423 = ORIENTED_EDGE('',*,*,#3388,.T.);
#3424 = FACE_BOUND('',#3425,.F.);
#3425 = EDGE_LOOP('',(#3426));
#3426 = ORIENTED_EDGE('',*,*,#3427,.F.);
#3427 = EDGE_CURVE('',#3428,#3428,#3430,.T.);
#3428 = VERTEX_POINT('',#3429);
#3429 = CARTESIAN_POINT('',(3.6E+03,-900.,485.));
#3430 = CIRCLE('',#3431,175.);
#3431 = AXIS2_PLACEMENT_3D('',#3432,#3433,#3434);
#3432 = CARTESIAN_POINT('',(3.6E+03,-900.,310.));
#3433 = DIRECTION('',(0.,1.,0.));
#3434 = DIRECTION('',(0.,0.,1.));
#3435 = PLANE('',#3436);
#3436 = AXIS2_PLACEMENT_3D('',#3437,#3438,#3439);
#3437 = CARTESIAN_POINT('',(3.6E+03,-900.,310.));
#3438 = DIRECTION('',(0.,1.,0.));
#3439 = DIRECTION('',(0.,0.,1.));
#3440 = ADVANCED_FACE('',(#3441),#3452,.F.);
#3441 = FACE_BOUND('',#3442,.F.);
#3442 = EDGE_LOOP('',(#3443,#3444,#3450,#3451));
#3443 = ORIENTED_EDGE('',*,*,#3407,.F.);
#3444 = ORIENTED_EDGE('',*,*,#3445,.F.);
#3445 = EDGE_CURVE('',#3428,#3408,#3446,.T.);
#3446 = LINE('',#3447,#3448);
#3447 = CARTESIAN_POINT('',(3.6E+03,-900.,485.));
#3448 = VECTOR('',#3449,1.);
#3449 = DIRECTION('',(0.,1.,0.));
#3450 = ORIENTED_EDGE('',*,*,#3427,.T.);
#3451 = ORIENTED_EDGE('',*,*,#3445,.T.);
#3452 = CYLINDRICAL_SURFACE('',#3453,175.);
#3453 = AXIS2_PLACEMENT_3D('',#3454,#3455,#3456);
#3454 = CARTESIAN_POINT('',(3.6E+03,-900.,310.));
#3455 = DIRECTION('',(0.,1.,0.));
#3456 = DIRECTION('',(0.,0.,1.));
#3457 = MANIFOLD_SOLID_BREP('',#3458);
#3458 = CLOSED_SHELL('',(#3459,#3492,#3501));
#3459 = ADVANCED_FACE('',(#3460),#3487,.T.);
#3460 = FACE_BOUND('',#3461,.T.);
#3461 = EDGE_LOOP('',(#3462,#3471,#3479,#3486));
#3462 = ORIENTED_EDGE('',*,*,#3463,.F.);
#3463 = EDGE_CURVE('',#3464,#3464,#3466,.T.);
#3464 = VERTEX_POINT('',#3465);
#3465 = CARTESIAN_POINT('',(3.6E+03,-586.,484.));
#3466 = CIRCLE('',#3467,174.);
#3467 = AXIS2_PLACEMENT_3D('',#3468,#3469,#3470);
#3468 = CARTESIAN_POINT('',(3.6E+03,-586.,310.));
#3469 = DIRECTION('',(0.,1.,0.));
#3470 = DIRECTION('',(0.,0.,1.));
#3471 = ORIENTED_EDGE('',*,*,#3472,.F.);
#3472 = EDGE_CURVE('',#3473,#3464,#3475,.T.);
#3473 = VERTEX_POINT('',#3474);
#3474 = CARTESIAN_POINT('',(3.6E+03,-894.,484.));
#3475 = LINE('',#3476,#3477);
#3476 = CARTESIAN_POINT('',(3.6E+03,-894.,484.));
#3477 = VECTOR('',#3478,1.);
#3478 = DIRECTION('',(0.,1.,0.));
#3479 = ORIENTED_EDGE('',*,*,#3480,.T.);
#3480 = EDGE_CURVE('',#3473,#3473,#3481,.T.);
#3481 = CIRCLE('',#3482,174.);
#3482 = AXIS2_PLACEMENT_3D('',#3483,#3484,#3485);
#3483 = CARTESIAN_POINT('',(3.6E+03,-894.,310.));
#3484 = DIRECTION('',(0.,1.,0.));
#3485 = DIRECTION('',(0.,0.,1.));
#3486 = ORIENTED_EDGE('',*,*,#3472,.T.);
#3487 = CYLINDRICAL_SURFACE('',#3488,174.);
#3488 = AXIS2_PLACEMENT_3D('',#3489,#3490,#3491);
#3489 = CARTESIAN_POINT('',(3.6E+03,-894.,310.));
#3490 = DIRECTION('',(0.,1.,0.));
#3491 = DIRECTION('',(0.,0.,1.));
#3492 = ADVANCED_FACE('',(#3493),#3496,.T.);
#3493 = FACE_BOUND('',#3494,.T.);
#3494 = EDGE_LOOP('',(#3495));
#3495 = ORIENTED_EDGE('',*,*,#3463,.T.);
#3496 = PLANE('',#3497);
#3497 = AXIS2_PLACEMENT_3D('',#3498,#3499,#3500);
#3498 = CARTESIAN_POINT('',(3.6E+03,-586.,310.));
#3499 = DIRECTION('',(0.,1.,0.));
#3500 = DIRECTION('',(0.,0.,1.));
#3501 = ADVANCED_FACE('',(#3502),#3505,.F.);
#3502 = FACE_BOUND('',#3503,.T.);
#3503 = EDGE_LOOP('',(#3504));
#3504 = ORIENTED_EDGE('',*,*,#3480,.F.);
#3505 = PLANE('',#3506);
#3506 = AXIS2_PLACEMENT_3D('',#3507,#3508,#3509);
#3507 = CARTESIAN_POINT('',(3.6E+03,-894.,310.));
#3508 = DIRECTION('',(0.,1.,0.));
#3509 = DIRECTION('',(0.,0.,1.));
#3510 = MANIFOLD_SOLID_BREP('',#3511);
#3511 = CLOSED_SHELL('',(#3512,#3545,#3554));
#3512 = ADVANCED_FACE('',(#3513),#3540,.T.);
#3513 = FACE_BOUND('',#3514,.T.);
#3514 = EDGE_LOOP('',(#3515,#3524,#3532,#3539));
#3515 = ORIENTED_EDGE('',*,*,#3516,.F.);
#3516 = EDGE_CURVE('',#3517,#3517,#3519,.T.);
#3517 = VERTEX_POINT('',#3518);
#3518 = CARTESIAN_POINT('',(3.585222533384E+03,-746.1340427462,310.));
#3519 = CIRCLE('',#3520,16.);
#3520 = AXIS2_PLACEMENT_3D('',#3521,#3522,#3523);
#3521 = CARTESIAN_POINT('',(3.6E+03,-740.,310.));
#3522 = DIRECTION('',(0.381930630652,-0.920105610208,-8.680241605735E-02
    ));
#3523 = DIRECTION('',(-0.9235916635,-0.383377671642,-3.469446951954E-18)
  );
#3524 = ORIENTED_EDGE('',*,*,#3525,.F.);
#3525 = EDGE_CURVE('',#3526,#3517,#3528,.T.);
#3526 = VERTEX_POINT('',#3527);
#3527 = CARTESIAN_POINT('',(3.365222533384E+03,-216.1340427462,360.));
#3528 = LINE('',#3529,#3530);
#3529 = CARTESIAN_POINT('',(3.365222533384E+03,-216.1340427462,360.));
#3530 = VECTOR('',#3531,1.);
#3531 = DIRECTION('',(0.381930630652,-0.920105610208,-8.680241605735E-02
    ));
#3532 = ORIENTED_EDGE('',*,*,#3533,.T.);
#3533 = EDGE_CURVE('',#3526,#3526,#3534,.T.);
#3534 = CIRCLE('',#3535,16.);
#3535 = AXIS2_PLACEMENT_3D('',#3536,#3537,#3538);
#3536 = CARTESIAN_POINT('',(3.38E+03,-210.,360.));
#3537 = DIRECTION('',(0.381930630652,-0.920105610208,-8.680241605735E-02
    ));
#3538 = DIRECTION('',(-0.9235916635,-0.383377671642,-3.469446951954E-18)
  );
#3539 = ORIENTED_EDGE('',*,*,#3525,.T.);
#3540 = CYLINDRICAL_SURFACE('',#3541,16.);
#3541 = AXIS2_PLACEMENT_3D('',#3542,#3543,#3544);
#3542 = CARTESIAN_POINT('',(3.38E+03,-210.,360.));
#3543 = DIRECTION('',(0.381930630652,-0.920105610208,-8.680241605735E-02
    ));
#3544 = DIRECTION('',(-0.9235916635,-0.383377671642,-3.469446951954E-18)
  );
#3545 = ADVANCED_FACE('',(#3546),#3549,.T.);
#3546 = FACE_BOUND('',#3547,.T.);
#3547 = EDGE_LOOP('',(#3548));
#3548 = ORIENTED_EDGE('',*,*,#3516,.T.);
#3549 = PLANE('',#3550);
#3550 = AXIS2_PLACEMENT_3D('',#3551,#3552,#3553);
#3551 = CARTESIAN_POINT('',(3.6E+03,-740.,310.));
#3552 = DIRECTION('',(0.381930630652,-0.920105610208,-8.680241605735E-02
    ));
#3553 = DIRECTION('',(-0.9235916635,-0.383377671642,-3.469446951954E-18)
  );
#3554 = ADVANCED_FACE('',(#3555),#3558,.F.);
#3555 = FACE_BOUND('',#3556,.T.);
#3556 = EDGE_LOOP('',(#3557));
#3557 = ORIENTED_EDGE('',*,*,#3533,.F.);
#3558 = PLANE('',#3559);
#3559 = AXIS2_PLACEMENT_3D('',#3560,#3561,#3562);
#3560 = CARTESIAN_POINT('',(3.38E+03,-210.,360.));
#3561 = DIRECTION('',(0.381930630652,-0.920105610208,-8.680241605735E-02
    ));
#3562 = DIRECTION('',(-0.9235916635,-0.383377671642,-3.469446951954E-18)
  );
#3563 = MANIFOLD_SOLID_BREP('',#3564);
#3564 = CLOSED_SHELL('',(#3565,#3598,#3607));
#3565 = ADVANCED_FACE('',(#3566),#3593,.T.);
#3566 = FACE_BOUND('',#3567,.T.);
#3567 = EDGE_LOOP('',(#3568,#3577,#3585,#3592));
#3568 = ORIENTED_EDGE('',*,*,#3569,.F.);
#3569 = EDGE_CURVE('',#3570,#3570,#3572,.T.);
#3570 = VERTEX_POINT('',#3571);
#3571 = CARTESIAN_POINT('',(3.585222533384E+03,-733.8659572537,310.));
#3572 = CIRCLE('',#3573,16.);
#3573 = AXIS2_PLACEMENT_3D('',#3574,#3575,#3576);
#3574 = CARTESIAN_POINT('',(3.6E+03,-740.,310.));
#3575 = DIRECTION('',(-0.381930630652,-0.920105610208,
    -8.680241605735E-02));
#3576 = DIRECTION('',(-0.9235916635,0.383377671642,3.469446951954E-18));
#3577 = ORIENTED_EDGE('',*,*,#3578,.F.);
#3578 = EDGE_CURVE('',#3579,#3570,#3581,.T.);
#3579 = VERTEX_POINT('',#3580);
#3580 = CARTESIAN_POINT('',(3.805222533384E+03,-203.8659572537,360.));
#3581 = LINE('',#3582,#3583);
#3582 = CARTESIAN_POINT('',(3.805222533384E+03,-203.8659572537,360.));
#3583 = VECTOR('',#3584,1.);
#3584 = DIRECTION('',(-0.381930630652,-0.920105610208,
    -8.680241605735E-02));
#3585 = ORIENTED_EDGE('',*,*,#3586,.T.);
#3586 = EDGE_CURVE('',#3579,#3579,#3587,.T.);
#3587 = CIRCLE('',#3588,16.);
#3588 = AXIS2_PLACEMENT_3D('',#3589,#3590,#3591);
#3589 = CARTESIAN_POINT('',(3.82E+03,-210.,360.));
#3590 = DIRECTION('',(-0.381930630652,-0.920105610208,
    -8.680241605735E-02));
#3591 = DIRECTION('',(-0.9235916635,0.383377671642,3.469446951954E-18));
#3592 = ORIENTED_EDGE('',*,*,#3578,.T.);
#3593 = CYLINDRICAL_SURFACE('',#3594,16.);
#3594 = AXIS2_PLACEMENT_3D('',#3595,#3596,#3597);
#3595 = CARTESIAN_POINT('',(3.82E+03,-210.,360.));
#3596 = DIRECTION('',(-0.381930630652,-0.920105610208,
    -8.680241605735E-02));
#3597 = DIRECTION('',(-0.9235916635,0.383377671642,3.469446951954E-18));
#3598 = ADVANCED_FACE('',(#3599),#3602,.T.);
#3599 = FACE_BOUND('',#3600,.T.);
#3600 = EDGE_LOOP('',(#3601));
#3601 = ORIENTED_EDGE('',*,*,#3569,.T.);
#3602 = PLANE('',#3603);
#3603 = AXIS2_PLACEMENT_3D('',#3604,#3605,#3606);
#3604 = CARTESIAN_POINT('',(3.6E+03,-740.,310.));
#3605 = DIRECTION('',(-0.381930630652,-0.920105610208,
    -8.680241605735E-02));
#3606 = DIRECTION('',(-0.9235916635,0.383377671642,3.469446951954E-18));
#3607 = ADVANCED_FACE('',(#3608),#3611,.F.);
#3608 = FACE_BOUND('',#3609,.T.);
#3609 = EDGE_LOOP('',(#3610));
#3610 = ORIENTED_EDGE('',*,*,#3586,.F.);
#3611 = PLANE('',#3612);
#3612 = AXIS2_PLACEMENT_3D('',#3613,#3614,#3615);
#3613 = CARTESIAN_POINT('',(3.82E+03,-210.,360.));
#3614 = DIRECTION('',(-0.381930630652,-0.920105610208,
    -8.680241605735E-02));
#3615 = DIRECTION('',(-0.9235916635,0.383377671642,3.469446951954E-18));
#3616 = MANIFOLD_SOLID_BREP('',#3617);
#3617 = CLOSED_SHELL('',(#3618,#3651,#3660));
#3618 = ADVANCED_FACE('',(#3619),#3646,.T.);
#3619 = FACE_BOUND('',#3620,.T.);
#3620 = EDGE_LOOP('',(#3621,#3630,#3638,#3645));
#3621 = ORIENTED_EDGE('',*,*,#3622,.F.);
#3622 = EDGE_CURVE('',#3623,#3623,#3625,.T.);
#3623 = VERTEX_POINT('',#3624);
#3624 = CARTESIAN_POINT('',(3.585222533384E+03,-746.1340427462,220.));
#3625 = CIRCLE('',#3626,16.);
#3626 = AXIS2_PLACEMENT_3D('',#3627,#3628,#3629);
#3627 = CARTESIAN_POINT('',(3.6E+03,-740.,220.));
#3628 = DIRECTION('',(0.383145039538,-0.923031231614,3.483136723071E-02)
  );
#3629 = DIRECTION('',(-0.9235916635,-0.383377671642,0.));
#3630 = ORIENTED_EDGE('',*,*,#3631,.F.);
#3631 = EDGE_CURVE('',#3632,#3623,#3634,.T.);
#3632 = VERTEX_POINT('',#3633);
#3633 = CARTESIAN_POINT('',(3.365222533384E+03,-216.1340427462,200.));
#3634 = LINE('',#3635,#3636);
#3635 = CARTESIAN_POINT('',(3.365222533384E+03,-216.1340427462,200.));
#3636 = VECTOR('',#3637,1.);
#3637 = DIRECTION('',(0.383145039538,-0.923031231614,3.483136723071E-02)
  );
#3638 = ORIENTED_EDGE('',*,*,#3639,.T.);
#3639 = EDGE_CURVE('',#3632,#3632,#3640,.T.);
#3640 = CIRCLE('',#3641,16.);
#3641 = AXIS2_PLACEMENT_3D('',#3642,#3643,#3644);
#3642 = CARTESIAN_POINT('',(3.38E+03,-210.,200.));
#3643 = DIRECTION('',(0.383145039538,-0.923031231614,3.483136723071E-02)
  );
#3644 = DIRECTION('',(-0.9235916635,-0.383377671642,0.));
#3645 = ORIENTED_EDGE('',*,*,#3631,.T.);
#3646 = CYLINDRICAL_SURFACE('',#3647,16.);
#3647 = AXIS2_PLACEMENT_3D('',#3648,#3649,#3650);
#3648 = CARTESIAN_POINT('',(3.38E+03,-210.,200.));
#3649 = DIRECTION('',(0.383145039538,-0.923031231614,3.483136723071E-02)
  );
#3650 = DIRECTION('',(-0.9235916635,-0.383377671642,0.));
#3651 = ADVANCED_FACE('',(#3652),#3655,.T.);
#3652 = FACE_BOUND('',#3653,.T.);
#3653 = EDGE_LOOP('',(#3654));
#3654 = ORIENTED_EDGE('',*,*,#3622,.T.);
#3655 = PLANE('',#3656);
#3656 = AXIS2_PLACEMENT_3D('',#3657,#3658,#3659);
#3657 = CARTESIAN_POINT('',(3.6E+03,-740.,220.));
#3658 = DIRECTION('',(0.383145039538,-0.923031231614,3.483136723071E-02)
  );
#3659 = DIRECTION('',(-0.9235916635,-0.383377671642,0.));
#3660 = ADVANCED_FACE('',(#3661),#3664,.F.);
#3661 = FACE_BOUND('',#3662,.T.);
#3662 = EDGE_LOOP('',(#3663));
#3663 = ORIENTED_EDGE('',*,*,#3639,.F.);
#3664 = PLANE('',#3665);
#3665 = AXIS2_PLACEMENT_3D('',#3666,#3667,#3668);
#3666 = CARTESIAN_POINT('',(3.38E+03,-210.,200.));
#3667 = DIRECTION('',(0.383145039538,-0.923031231614,3.483136723071E-02)
  );
#3668 = DIRECTION('',(-0.9235916635,-0.383377671642,0.));
#3669 = MANIFOLD_SOLID_BREP('',#3670);
#3670 = CLOSED_SHELL('',(#3671,#3704,#3713));
#3671 = ADVANCED_FACE('',(#3672),#3699,.T.);
#3672 = FACE_BOUND('',#3673,.T.);
#3673 = EDGE_LOOP('',(#3674,#3683,#3691,#3698));
#3674 = ORIENTED_EDGE('',*,*,#3675,.F.);
#3675 = EDGE_CURVE('',#3676,#3676,#3678,.T.);
#3676 = VERTEX_POINT('',#3677);
#3677 = CARTESIAN_POINT('',(3.585222533384E+03,-733.8659572537,220.));
#3678 = CIRCLE('',#3679,16.);
#3679 = AXIS2_PLACEMENT_3D('',#3680,#3681,#3682);
#3680 = CARTESIAN_POINT('',(3.6E+03,-740.,220.));
#3681 = DIRECTION('',(-0.383145039538,-0.923031231614,3.483136723071E-02
    ));
#3682 = DIRECTION('',(-0.9235916635,0.383377671642,0.));
#3683 = ORIENTED_EDGE('',*,*,#3684,.F.);
#3684 = EDGE_CURVE('',#3685,#3676,#3687,.T.);
#3685 = VERTEX_POINT('',#3686);
#3686 = CARTESIAN_POINT('',(3.805222533384E+03,-203.8659572537,200.));
#3687 = LINE('',#3688,#3689);
#3688 = CARTESIAN_POINT('',(3.805222533384E+03,-203.8659572537,200.));
#3689 = VECTOR('',#3690,1.);
#3690 = DIRECTION('',(-0.383145039538,-0.923031231614,3.483136723071E-02
    ));
#3691 = ORIENTED_EDGE('',*,*,#3692,.T.);
#3692 = EDGE_CURVE('',#3685,#3685,#3693,.T.);
#3693 = CIRCLE('',#3694,16.);
#3694 = AXIS2_PLACEMENT_3D('',#3695,#3696,#3697);
#3695 = CARTESIAN_POINT('',(3.82E+03,-210.,200.));
#3696 = DIRECTION('',(-0.383145039538,-0.923031231614,3.483136723071E-02
    ));
#3697 = DIRECTION('',(-0.9235916635,0.383377671642,0.));
#3698 = ORIENTED_EDGE('',*,*,#3684,.T.);
#3699 = CYLINDRICAL_SURFACE('',#3700,16.);
#3700 = AXIS2_PLACEMENT_3D('',#3701,#3702,#3703);
#3701 = CARTESIAN_POINT('',(3.82E+03,-210.,200.));
#3702 = DIRECTION('',(-0.383145039538,-0.923031231614,3.483136723071E-02
    ));
#3703 = DIRECTION('',(-0.9235916635,0.383377671642,0.));
#3704 = ADVANCED_FACE('',(#3705),#3708,.T.);
#3705 = FACE_BOUND('',#3706,.T.);
#3706 = EDGE_LOOP('',(#3707));
#3707 = ORIENTED_EDGE('',*,*,#3675,.T.);
#3708 = PLANE('',#3709);
#3709 = AXIS2_PLACEMENT_3D('',#3710,#3711,#3712);
#3710 = CARTESIAN_POINT('',(3.6E+03,-740.,220.));
#3711 = DIRECTION('',(-0.383145039538,-0.923031231614,3.483136723071E-02
    ));
#3712 = DIRECTION('',(-0.9235916635,0.383377671642,0.));
#3713 = ADVANCED_FACE('',(#3714),#3717,.F.);
#3714 = FACE_BOUND('',#3715,.T.);
#3715 = EDGE_LOOP('',(#3716));
#3716 = ORIENTED_EDGE('',*,*,#3692,.F.);
#3717 = PLANE('',#3718);
#3718 = AXIS2_PLACEMENT_3D('',#3719,#3720,#3721);
#3719 = CARTESIAN_POINT('',(3.82E+03,-210.,200.));
#3720 = DIRECTION('',(-0.383145039538,-0.923031231614,3.483136723071E-02
    ));
#3721 = DIRECTION('',(-0.9235916635,0.383377671642,0.));
#3722 = MANIFOLD_SOLID_BREP('',#3723);
#3723 = CLOSED_SHELL('',(#3724,#3764,#3804,#3826,#3848,#3860));
#3724 = ADVANCED_FACE('',(#3725),#3759,.F.);
#3725 = FACE_BOUND('',#3726,.F.);
#3726 = EDGE_LOOP('',(#3727,#3737,#3745,#3753));
#3727 = ORIENTED_EDGE('',*,*,#3728,.F.);
#3728 = EDGE_CURVE('',#3729,#3731,#3733,.T.);
#3729 = VERTEX_POINT('',#3730);
#3730 = CARTESIAN_POINT('',(0.,-900.,135.));
#3731 = VERTEX_POINT('',#3732);
#3732 = CARTESIAN_POINT('',(0.,-900.,170.));
#3733 = LINE('',#3734,#3735);
#3734 = CARTESIAN_POINT('',(0.,-900.,135.));
#3735 = VECTOR('',#3736,1.);
#3736 = DIRECTION('',(0.,0.,1.));
#3737 = ORIENTED_EDGE('',*,*,#3738,.T.);
#3738 = EDGE_CURVE('',#3729,#3739,#3741,.T.);
#3739 = VERTEX_POINT('',#3740);
#3740 = CARTESIAN_POINT('',(0.,900.,135.));
#3741 = LINE('',#3742,#3743);
#3742 = CARTESIAN_POINT('',(0.,-900.,135.));
#3743 = VECTOR('',#3744,1.);
#3744 = DIRECTION('',(0.,1.,0.));
#3745 = ORIENTED_EDGE('',*,*,#3746,.T.);
#3746 = EDGE_CURVE('',#3739,#3747,#3749,.T.);
#3747 = VERTEX_POINT('',#3748);
#3748 = CARTESIAN_POINT('',(0.,900.,170.));
#3749 = LINE('',#3750,#3751);
#3750 = CARTESIAN_POINT('',(0.,900.,135.));
#3751 = VECTOR('',#3752,1.);
#3752 = DIRECTION('',(0.,0.,1.));
#3753 = ORIENTED_EDGE('',*,*,#3754,.F.);
#3754 = EDGE_CURVE('',#3731,#3747,#3755,.T.);
#3755 = LINE('',#3756,#3757);
#3756 = CARTESIAN_POINT('',(0.,-900.,170.));
#3757 = VECTOR('',#3758,1.);
#3758 = DIRECTION('',(0.,1.,0.));
#3759 = PLANE('',#3760);
#3760 = AXIS2_PLACEMENT_3D('',#3761,#3762,#3763);
#3761 = CARTESIAN_POINT('',(0.,-900.,135.));
#3762 = DIRECTION('',(1.,0.,0.));
#3763 = DIRECTION('',(0.,0.,1.));
#3764 = ADVANCED_FACE('',(#3765),#3799,.T.);
#3765 = FACE_BOUND('',#3766,.T.);
#3766 = EDGE_LOOP('',(#3767,#3777,#3785,#3793));
#3767 = ORIENTED_EDGE('',*,*,#3768,.F.);
#3768 = EDGE_CURVE('',#3769,#3771,#3773,.T.);
#3769 = VERTEX_POINT('',#3770);
#3770 = CARTESIAN_POINT('',(320.,-900.,135.));
#3771 = VERTEX_POINT('',#3772);
#3772 = CARTESIAN_POINT('',(320.,-900.,170.));
#3773 = LINE('',#3774,#3775);
#3774 = CARTESIAN_POINT('',(320.,-900.,135.));
#3775 = VECTOR('',#3776,1.);
#3776 = DIRECTION('',(0.,0.,1.));
#3777 = ORIENTED_EDGE('',*,*,#3778,.T.);
#3778 = EDGE_CURVE('',#3769,#3779,#3781,.T.);
#3779 = VERTEX_POINT('',#3780);
#3780 = CARTESIAN_POINT('',(320.,900.,135.));
#3781 = LINE('',#3782,#3783);
#3782 = CARTESIAN_POINT('',(320.,-900.,135.));
#3783 = VECTOR('',#3784,1.);
#3784 = DIRECTION('',(0.,1.,0.));
#3785 = ORIENTED_EDGE('',*,*,#3786,.T.);
#3786 = EDGE_CURVE('',#3779,#3787,#3789,.T.);
#3787 = VERTEX_POINT('',#3788);
#3788 = CARTESIAN_POINT('',(320.,900.,170.));
#3789 = LINE('',#3790,#3791);
#3790 = CARTESIAN_POINT('',(320.,900.,135.));
#3791 = VECTOR('',#3792,1.);
#3792 = DIRECTION('',(0.,0.,1.));
#3793 = ORIENTED_EDGE('',*,*,#3794,.F.);
#3794 = EDGE_CURVE('',#3771,#3787,#3795,.T.);
#3795 = LINE('',#3796,#3797);
#3796 = CARTESIAN_POINT('',(320.,-900.,170.));
#3797 = VECTOR('',#3798,1.);
#3798 = DIRECTION('',(0.,1.,0.));
#3799 = PLANE('',#3800);
#3800 = AXIS2_PLACEMENT_3D('',#3801,#3802,#3803);
#3801 = CARTESIAN_POINT('',(320.,-900.,135.));
#3802 = DIRECTION('',(1.,0.,0.));
#3803 = DIRECTION('',(0.,0.,1.));
#3804 = ADVANCED_FACE('',(#3805),#3821,.F.);
#3805 = FACE_BOUND('',#3806,.F.);
#3806 = EDGE_LOOP('',(#3807,#3813,#3814,#3820));
#3807 = ORIENTED_EDGE('',*,*,#3808,.F.);
#3808 = EDGE_CURVE('',#3729,#3769,#3809,.T.);
#3809 = LINE('',#3810,#3811);
#3810 = CARTESIAN_POINT('',(0.,-900.,135.));
#3811 = VECTOR('',#3812,1.);
#3812 = DIRECTION('',(1.,0.,0.));
#3813 = ORIENTED_EDGE('',*,*,#3728,.T.);
#3814 = ORIENTED_EDGE('',*,*,#3815,.T.);
#3815 = EDGE_CURVE('',#3731,#3771,#3816,.T.);
#3816 = LINE('',#3817,#3818);
#3817 = CARTESIAN_POINT('',(0.,-900.,170.));
#3818 = VECTOR('',#3819,1.);
#3819 = DIRECTION('',(1.,0.,0.));
#3820 = ORIENTED_EDGE('',*,*,#3768,.F.);
#3821 = PLANE('',#3822);
#3822 = AXIS2_PLACEMENT_3D('',#3823,#3824,#3825);
#3823 = CARTESIAN_POINT('',(0.,-900.,135.));
#3824 = DIRECTION('',(0.,1.,0.));
#3825 = DIRECTION('',(0.,0.,1.));
#3826 = ADVANCED_FACE('',(#3827),#3843,.T.);
#3827 = FACE_BOUND('',#3828,.T.);
#3828 = EDGE_LOOP('',(#3829,#3835,#3836,#3842));
#3829 = ORIENTED_EDGE('',*,*,#3830,.F.);
#3830 = EDGE_CURVE('',#3739,#3779,#3831,.T.);
#3831 = LINE('',#3832,#3833);
#3832 = CARTESIAN_POINT('',(0.,900.,135.));
#3833 = VECTOR('',#3834,1.);
#3834 = DIRECTION('',(1.,0.,0.));
#3835 = ORIENTED_EDGE('',*,*,#3746,.T.);
#3836 = ORIENTED_EDGE('',*,*,#3837,.T.);
#3837 = EDGE_CURVE('',#3747,#3787,#3838,.T.);
#3838 = LINE('',#3839,#3840);
#3839 = CARTESIAN_POINT('',(0.,900.,170.));
#3840 = VECTOR('',#3841,1.);
#3841 = DIRECTION('',(1.,0.,0.));
#3842 = ORIENTED_EDGE('',*,*,#3786,.F.);
#3843 = PLANE('',#3844);
#3844 = AXIS2_PLACEMENT_3D('',#3845,#3846,#3847);
#3845 = CARTESIAN_POINT('',(0.,900.,135.));
#3846 = DIRECTION('',(0.,1.,0.));
#3847 = DIRECTION('',(0.,0.,1.));
#3848 = ADVANCED_FACE('',(#3849),#3855,.F.);
#3849 = FACE_BOUND('',#3850,.F.);
#3850 = EDGE_LOOP('',(#3851,#3852,#3853,#3854));
#3851 = ORIENTED_EDGE('',*,*,#3738,.F.);
#3852 = ORIENTED_EDGE('',*,*,#3808,.T.);
#3853 = ORIENTED_EDGE('',*,*,#3778,.T.);
#3854 = ORIENTED_EDGE('',*,*,#3830,.F.);
#3855 = PLANE('',#3856);
#3856 = AXIS2_PLACEMENT_3D('',#3857,#3858,#3859);
#3857 = CARTESIAN_POINT('',(0.,-900.,135.));
#3858 = DIRECTION('',(0.,0.,1.));
#3859 = DIRECTION('',(1.,0.,0.));
#3860 = ADVANCED_FACE('',(#3861),#3867,.T.);
#3861 = FACE_BOUND('',#3862,.T.);
#3862 = EDGE_LOOP('',(#3863,#3864,#3865,#3866));
#3863 = ORIENTED_EDGE('',*,*,#3754,.F.);
#3864 = ORIENTED_EDGE('',*,*,#3815,.T.);
#3865 = ORIENTED_EDGE('',*,*,#3794,.T.);
#3866 = ORIENTED_EDGE('',*,*,#3837,.F.);
#3867 = PLANE('',#3868);
#3868 = AXIS2_PLACEMENT_3D('',#3869,#3870,#3871);
#3869 = CARTESIAN_POINT('',(0.,-900.,170.));
#3870 = DIRECTION('',(0.,0.,1.));
#3871 = DIRECTION('',(1.,0.,0.));
#3872 = MANIFOLD_SOLID_BREP('',#3873);
#3873 = CLOSED_SHELL('',(#3874,#3914,#3954,#3976,#3998,#4010));
#3874 = ADVANCED_FACE('',(#3875),#3909,.F.);
#3875 = FACE_BOUND('',#3876,.F.);
#3876 = EDGE_LOOP('',(#3877,#3887,#3895,#3903));
#3877 = ORIENTED_EDGE('',*,*,#3878,.F.);
#3878 = EDGE_CURVE('',#3879,#3881,#3883,.T.);
#3879 = VERTEX_POINT('',#3880);
#3880 = CARTESIAN_POINT('',(220.,-870.,190.));
#3881 = VERTEX_POINT('',#3882);
#3882 = CARTESIAN_POINT('',(220.,-870.,220.));
#3883 = LINE('',#3884,#3885);
#3884 = CARTESIAN_POINT('',(220.,-870.,190.));
#3885 = VECTOR('',#3886,1.);
#3886 = DIRECTION('',(0.,0.,1.));
#3887 = ORIENTED_EDGE('',*,*,#3888,.T.);
#3888 = EDGE_CURVE('',#3879,#3889,#3891,.T.);
#3889 = VERTEX_POINT('',#3890);
#3890 = CARTESIAN_POINT('',(220.,870.,190.));
#3891 = LINE('',#3892,#3893);
#3892 = CARTESIAN_POINT('',(220.,-870.,190.));
#3893 = VECTOR('',#3894,1.);
#3894 = DIRECTION('',(0.,1.,0.));
#3895 = ORIENTED_EDGE('',*,*,#3896,.T.);
#3896 = EDGE_CURVE('',#3889,#3897,#3899,.T.);
#3897 = VERTEX_POINT('',#3898);
#3898 = CARTESIAN_POINT('',(220.,870.,220.));
#3899 = LINE('',#3900,#3901);
#3900 = CARTESIAN_POINT('',(220.,870.,190.));
#3901 = VECTOR('',#3902,1.);
#3902 = DIRECTION('',(0.,0.,1.));
#3903 = ORIENTED_EDGE('',*,*,#3904,.F.);
#3904 = EDGE_CURVE('',#3881,#3897,#3905,.T.);
#3905 = LINE('',#3906,#3907);
#3906 = CARTESIAN_POINT('',(220.,-870.,220.));
#3907 = VECTOR('',#3908,1.);
#3908 = DIRECTION('',(0.,1.,0.));
#3909 = PLANE('',#3910);
#3910 = AXIS2_PLACEMENT_3D('',#3911,#3912,#3913);
#3911 = CARTESIAN_POINT('',(220.,-870.,190.));
#3912 = DIRECTION('',(1.,0.,0.));
#3913 = DIRECTION('',(0.,0.,1.));
#3914 = ADVANCED_FACE('',(#3915),#3949,.T.);
#3915 = FACE_BOUND('',#3916,.T.);
#3916 = EDGE_LOOP('',(#3917,#3927,#3935,#3943));
#3917 = ORIENTED_EDGE('',*,*,#3918,.F.);
#3918 = EDGE_CURVE('',#3919,#3921,#3923,.T.);
#3919 = VERTEX_POINT('',#3920);
#3920 = CARTESIAN_POINT('',(400.,-870.,190.));
#3921 = VERTEX_POINT('',#3922);
#3922 = CARTESIAN_POINT('',(400.,-870.,220.));
#3923 = LINE('',#3924,#3925);
#3924 = CARTESIAN_POINT('',(400.,-870.,190.));
#3925 = VECTOR('',#3926,1.);
#3926 = DIRECTION('',(0.,0.,1.));
#3927 = ORIENTED_EDGE('',*,*,#3928,.T.);
#3928 = EDGE_CURVE('',#3919,#3929,#3931,.T.);
#3929 = VERTEX_POINT('',#3930);
#3930 = CARTESIAN_POINT('',(400.,870.,190.));
#3931 = LINE('',#3932,#3933);
#3932 = CARTESIAN_POINT('',(400.,-870.,190.));
#3933 = VECTOR('',#3934,1.);
#3934 = DIRECTION('',(0.,1.,0.));
#3935 = ORIENTED_EDGE('',*,*,#3936,.T.);
#3936 = EDGE_CURVE('',#3929,#3937,#3939,.T.);
#3937 = VERTEX_POINT('',#3938);
#3938 = CARTESIAN_POINT('',(400.,870.,220.));
#3939 = LINE('',#3940,#3941);
#3940 = CARTESIAN_POINT('',(400.,870.,190.));
#3941 = VECTOR('',#3942,1.);
#3942 = DIRECTION('',(0.,0.,1.));
#3943 = ORIENTED_EDGE('',*,*,#3944,.F.);
#3944 = EDGE_CURVE('',#3921,#3937,#3945,.T.);
#3945 = LINE('',#3946,#3947);
#3946 = CARTESIAN_POINT('',(400.,-870.,220.));
#3947 = VECTOR('',#3948,1.);
#3948 = DIRECTION('',(0.,1.,0.));
#3949 = PLANE('',#3950);
#3950 = AXIS2_PLACEMENT_3D('',#3951,#3952,#3953);
#3951 = CARTESIAN_POINT('',(400.,-870.,190.));
#3952 = DIRECTION('',(1.,0.,0.));
#3953 = DIRECTION('',(0.,0.,1.));
#3954 = ADVANCED_FACE('',(#3955),#3971,.F.);
#3955 = FACE_BOUND('',#3956,.F.);
#3956 = EDGE_LOOP('',(#3957,#3963,#3964,#3970));
#3957 = ORIENTED_EDGE('',*,*,#3958,.F.);
#3958 = EDGE_CURVE('',#3879,#3919,#3959,.T.);
#3959 = LINE('',#3960,#3961);
#3960 = CARTESIAN_POINT('',(220.,-870.,190.));
#3961 = VECTOR('',#3962,1.);
#3962 = DIRECTION('',(1.,0.,0.));
#3963 = ORIENTED_EDGE('',*,*,#3878,.T.);
#3964 = ORIENTED_EDGE('',*,*,#3965,.T.);
#3965 = EDGE_CURVE('',#3881,#3921,#3966,.T.);
#3966 = LINE('',#3967,#3968);
#3967 = CARTESIAN_POINT('',(220.,-870.,220.));
#3968 = VECTOR('',#3969,1.);
#3969 = DIRECTION('',(1.,0.,0.));
#3970 = ORIENTED_EDGE('',*,*,#3918,.F.);
#3971 = PLANE('',#3972);
#3972 = AXIS2_PLACEMENT_3D('',#3973,#3974,#3975);
#3973 = CARTESIAN_POINT('',(220.,-870.,190.));
#3974 = DIRECTION('',(0.,1.,0.));
#3975 = DIRECTION('',(0.,0.,1.));
#3976 = ADVANCED_FACE('',(#3977),#3993,.T.);
#3977 = FACE_BOUND('',#3978,.T.);
#3978 = EDGE_LOOP('',(#3979,#3985,#3986,#3992));
#3979 = ORIENTED_EDGE('',*,*,#3980,.F.);
#3980 = EDGE_CURVE('',#3889,#3929,#3981,.T.);
#3981 = LINE('',#3982,#3983);
#3982 = CARTESIAN_POINT('',(220.,870.,190.));
#3983 = VECTOR('',#3984,1.);
#3984 = DIRECTION('',(1.,0.,0.));
#3985 = ORIENTED_EDGE('',*,*,#3896,.T.);
#3986 = ORIENTED_EDGE('',*,*,#3987,.T.);
#3987 = EDGE_CURVE('',#3897,#3937,#3988,.T.);
#3988 = LINE('',#3989,#3990);
#3989 = CARTESIAN_POINT('',(220.,870.,220.));
#3990 = VECTOR('',#3991,1.);
#3991 = DIRECTION('',(1.,0.,0.));
#3992 = ORIENTED_EDGE('',*,*,#3936,.F.);
#3993 = PLANE('',#3994);
#3994 = AXIS2_PLACEMENT_3D('',#3995,#3996,#3997);
#3995 = CARTESIAN_POINT('',(220.,870.,190.));
#3996 = DIRECTION('',(0.,1.,0.));
#3997 = DIRECTION('',(0.,0.,1.));
#3998 = ADVANCED_FACE('',(#3999),#4005,.F.);
#3999 = FACE_BOUND('',#4000,.F.);
#4000 = EDGE_LOOP('',(#4001,#4002,#4003,#4004));
#4001 = ORIENTED_EDGE('',*,*,#3888,.F.);
#4002 = ORIENTED_EDGE('',*,*,#3958,.T.);
#4003 = ORIENTED_EDGE('',*,*,#3928,.T.);
#4004 = ORIENTED_EDGE('',*,*,#3980,.F.);
#4005 = PLANE('',#4006);
#4006 = AXIS2_PLACEMENT_3D('',#4007,#4008,#4009);
#4007 = CARTESIAN_POINT('',(220.,-870.,190.));
#4008 = DIRECTION('',(0.,0.,1.));
#4009 = DIRECTION('',(1.,0.,0.));
#4010 = ADVANCED_FACE('',(#4011),#4017,.T.);
#4011 = FACE_BOUND('',#4012,.T.);
#4012 = EDGE_LOOP('',(#4013,#4014,#4015,#4016));
#4013 = ORIENTED_EDGE('',*,*,#3904,.F.);
#4014 = ORIENTED_EDGE('',*,*,#3965,.T.);
#4015 = ORIENTED_EDGE('',*,*,#3944,.T.);
#4016 = ORIENTED_EDGE('',*,*,#3987,.F.);
#4017 = PLANE('',#4018);
#4018 = AXIS2_PLACEMENT_3D('',#4019,#4020,#4021);
#4019 = CARTESIAN_POINT('',(220.,-870.,220.));
#4020 = DIRECTION('',(0.,0.,1.));
#4021 = DIRECTION('',(1.,0.,0.));
#4022 = MANIFOLD_SOLID_BREP('',#4023);
#4023 = CLOSED_SHELL('',(#4024,#4064,#4104,#4126,#4148,#4160));
#4024 = ADVANCED_FACE('',(#4025),#4059,.F.);
#4025 = FACE_BOUND('',#4026,.F.);
#4026 = EDGE_LOOP('',(#4027,#4037,#4045,#4053));
#4027 = ORIENTED_EDGE('',*,*,#4028,.F.);
#4028 = EDGE_CURVE('',#4029,#4031,#4033,.T.);
#4029 = VERTEX_POINT('',#4030);
#4030 = CARTESIAN_POINT('',(0.,880.,100.));
#4031 = VERTEX_POINT('',#4032);
#4032 = CARTESIAN_POINT('',(0.,880.,280.));
#4033 = LINE('',#4034,#4035);
#4034 = CARTESIAN_POINT('',(0.,880.,100.));
#4035 = VECTOR('',#4036,1.);
#4036 = DIRECTION('',(0.,0.,1.));
#4037 = ORIENTED_EDGE('',*,*,#4038,.T.);
#4038 = EDGE_CURVE('',#4029,#4039,#4041,.T.);
#4039 = VERTEX_POINT('',#4040);
#4040 = CARTESIAN_POINT('',(0.,900.,100.));
#4041 = LINE('',#4042,#4043);
#4042 = CARTESIAN_POINT('',(0.,880.,100.));
#4043 = VECTOR('',#4044,1.);
#4044 = DIRECTION('',(0.,1.,0.));
#4045 = ORIENTED_EDGE('',*,*,#4046,.T.);
#4046 = EDGE_CURVE('',#4039,#4047,#4049,.T.);
#4047 = VERTEX_POINT('',#4048);
#4048 = CARTESIAN_POINT('',(0.,900.,280.));
#4049 = LINE('',#4050,#4051);
#4050 = CARTESIAN_POINT('',(0.,900.,100.));
#4051 = VECTOR('',#4052,1.);
#4052 = DIRECTION('',(0.,0.,1.));
#4053 = ORIENTED_EDGE('',*,*,#4054,.F.);
#4054 = EDGE_CURVE('',#4031,#4047,#4055,.T.);
#4055 = LINE('',#4056,#4057);
#4056 = CARTESIAN_POINT('',(0.,880.,280.));
#4057 = VECTOR('',#4058,1.);
#4058 = DIRECTION('',(0.,1.,0.));
#4059 = PLANE('',#4060);
#4060 = AXIS2_PLACEMENT_3D('',#4061,#4062,#4063);
#4061 = CARTESIAN_POINT('',(0.,880.,100.));
#4062 = DIRECTION('',(1.,0.,0.));
#4063 = DIRECTION('',(0.,0.,1.));
#4064 = ADVANCED_FACE('',(#4065),#4099,.T.);
#4065 = FACE_BOUND('',#4066,.T.);
#4066 = EDGE_LOOP('',(#4067,#4077,#4085,#4093));
#4067 = ORIENTED_EDGE('',*,*,#4068,.F.);
#4068 = EDGE_CURVE('',#4069,#4071,#4073,.T.);
#4069 = VERTEX_POINT('',#4070);
#4070 = CARTESIAN_POINT('',(420.,880.,100.));
#4071 = VERTEX_POINT('',#4072);
#4072 = CARTESIAN_POINT('',(420.,880.,280.));
#4073 = LINE('',#4074,#4075);
#4074 = CARTESIAN_POINT('',(420.,880.,100.));
#4075 = VECTOR('',#4076,1.);
#4076 = DIRECTION('',(0.,0.,1.));
#4077 = ORIENTED_EDGE('',*,*,#4078,.T.);
#4078 = EDGE_CURVE('',#4069,#4079,#4081,.T.);
#4079 = VERTEX_POINT('',#4080);
#4080 = CARTESIAN_POINT('',(420.,900.,100.));
#4081 = LINE('',#4082,#4083);
#4082 = CARTESIAN_POINT('',(420.,880.,100.));
#4083 = VECTOR('',#4084,1.);
#4084 = DIRECTION('',(0.,1.,0.));
#4085 = ORIENTED_EDGE('',*,*,#4086,.T.);
#4086 = EDGE_CURVE('',#4079,#4087,#4089,.T.);
#4087 = VERTEX_POINT('',#4088);
#4088 = CARTESIAN_POINT('',(420.,900.,280.));
#4089 = LINE('',#4090,#4091);
#4090 = CARTESIAN_POINT('',(420.,900.,100.));
#4091 = VECTOR('',#4092,1.);
#4092 = DIRECTION('',(0.,0.,1.));
#4093 = ORIENTED_EDGE('',*,*,#4094,.F.);
#4094 = EDGE_CURVE('',#4071,#4087,#4095,.T.);
#4095 = LINE('',#4096,#4097);
#4096 = CARTESIAN_POINT('',(420.,880.,280.));
#4097 = VECTOR('',#4098,1.);
#4098 = DIRECTION('',(0.,1.,0.));
#4099 = PLANE('',#4100);
#4100 = AXIS2_PLACEMENT_3D('',#4101,#4102,#4103);
#4101 = CARTESIAN_POINT('',(420.,880.,100.));
#4102 = DIRECTION('',(1.,0.,0.));
#4103 = DIRECTION('',(0.,0.,1.));
#4104 = ADVANCED_FACE('',(#4105),#4121,.F.);
#4105 = FACE_BOUND('',#4106,.F.);
#4106 = EDGE_LOOP('',(#4107,#4113,#4114,#4120));
#4107 = ORIENTED_EDGE('',*,*,#4108,.F.);
#4108 = EDGE_CURVE('',#4029,#4069,#4109,.T.);
#4109 = LINE('',#4110,#4111);
#4110 = CARTESIAN_POINT('',(0.,880.,100.));
#4111 = VECTOR('',#4112,1.);
#4112 = DIRECTION('',(1.,0.,0.));
#4113 = ORIENTED_EDGE('',*,*,#4028,.T.);
#4114 = ORIENTED_EDGE('',*,*,#4115,.T.);
#4115 = EDGE_CURVE('',#4031,#4071,#4116,.T.);
#4116 = LINE('',#4117,#4118);
#4117 = CARTESIAN_POINT('',(0.,880.,280.));
#4118 = VECTOR('',#4119,1.);
#4119 = DIRECTION('',(1.,0.,0.));
#4120 = ORIENTED_EDGE('',*,*,#4068,.F.);
#4121 = PLANE('',#4122);
#4122 = AXIS2_PLACEMENT_3D('',#4123,#4124,#4125);
#4123 = CARTESIAN_POINT('',(0.,880.,100.));
#4124 = DIRECTION('',(0.,1.,0.));
#4125 = DIRECTION('',(0.,0.,1.));
#4126 = ADVANCED_FACE('',(#4127),#4143,.T.);
#4127 = FACE_BOUND('',#4128,.T.);
#4128 = EDGE_LOOP('',(#4129,#4135,#4136,#4142));
#4129 = ORIENTED_EDGE('',*,*,#4130,.F.);
#4130 = EDGE_CURVE('',#4039,#4079,#4131,.T.);
#4131 = LINE('',#4132,#4133);
#4132 = CARTESIAN_POINT('',(0.,900.,100.));
#4133 = VECTOR('',#4134,1.);
#4134 = DIRECTION('',(1.,0.,0.));
#4135 = ORIENTED_EDGE('',*,*,#4046,.T.);
#4136 = ORIENTED_EDGE('',*,*,#4137,.T.);
#4137 = EDGE_CURVE('',#4047,#4087,#4138,.T.);
#4138 = LINE('',#4139,#4140);
#4139 = CARTESIAN_POINT('',(0.,900.,280.));
#4140 = VECTOR('',#4141,1.);
#4141 = DIRECTION('',(1.,0.,0.));
#4142 = ORIENTED_EDGE('',*,*,#4086,.F.);
#4143 = PLANE('',#4144);
#4144 = AXIS2_PLACEMENT_3D('',#4145,#4146,#4147);
#4145 = CARTESIAN_POINT('',(0.,900.,100.));
#4146 = DIRECTION('',(0.,1.,0.));
#4147 = DIRECTION('',(0.,0.,1.));
#4148 = ADVANCED_FACE('',(#4149),#4155,.F.);
#4149 = FACE_BOUND('',#4150,.F.);
#4150 = EDGE_LOOP('',(#4151,#4152,#4153,#4154));
#4151 = ORIENTED_EDGE('',*,*,#4038,.F.);
#4152 = ORIENTED_EDGE('',*,*,#4108,.T.);
#4153 = ORIENTED_EDGE('',*,*,#4078,.T.);
#4154 = ORIENTED_EDGE('',*,*,#4130,.F.);
#4155 = PLANE('',#4156);
#4156 = AXIS2_PLACEMENT_3D('',#4157,#4158,#4159);
#4157 = CARTESIAN_POINT('',(0.,880.,100.));
#4158 = DIRECTION('',(0.,0.,1.));
#4159 = DIRECTION('',(1.,0.,0.));
#4160 = ADVANCED_FACE('',(#4161),#4167,.T.);
#4161 = FACE_BOUND('',#4162,.T.);
#4162 = EDGE_LOOP('',(#4163,#4164,#4165,#4166));
#4163 = ORIENTED_EDGE('',*,*,#4054,.F.);
#4164 = ORIENTED_EDGE('',*,*,#4115,.T.);
#4165 = ORIENTED_EDGE('',*,*,#4094,.T.);
#4166 = ORIENTED_EDGE('',*,*,#4137,.F.);
#4167 = PLANE('',#4168);
#4168 = AXIS2_PLACEMENT_3D('',#4169,#4170,#4171);
#4169 = CARTESIAN_POINT('',(0.,880.,280.));
#4170 = DIRECTION('',(0.,0.,1.));
#4171 = DIRECTION('',(1.,0.,0.));
#4172 = MANIFOLD_SOLID_BREP('',#4173);
#4173 = CLOSED_SHELL('',(#4174,#4214,#4254,#4276,#4298,#4310));
#4174 = ADVANCED_FACE('',(#4175),#4209,.F.);
#4175 = FACE_BOUND('',#4176,.F.);
#4176 = EDGE_LOOP('',(#4177,#4187,#4195,#4203));
#4177 = ORIENTED_EDGE('',*,*,#4178,.F.);
#4178 = EDGE_CURVE('',#4179,#4181,#4183,.T.);
#4179 = VERTEX_POINT('',#4180);
#4180 = CARTESIAN_POINT('',(0.,-900.,100.));
#4181 = VERTEX_POINT('',#4182);
#4182 = CARTESIAN_POINT('',(0.,-900.,280.));
#4183 = LINE('',#4184,#4185);
#4184 = CARTESIAN_POINT('',(0.,-900.,100.));
#4185 = VECTOR('',#4186,1.);
#4186 = DIRECTION('',(0.,0.,1.));
#4187 = ORIENTED_EDGE('',*,*,#4188,.T.);
#4188 = EDGE_CURVE('',#4179,#4189,#4191,.T.);
#4189 = VERTEX_POINT('',#4190);
#4190 = CARTESIAN_POINT('',(0.,-880.,100.));
#4191 = LINE('',#4192,#4193);
#4192 = CARTESIAN_POINT('',(0.,-900.,100.));
#4193 = VECTOR('',#4194,1.);
#4194 = DIRECTION('',(0.,1.,0.));
#4195 = ORIENTED_EDGE('',*,*,#4196,.T.);
#4196 = EDGE_CURVE('',#4189,#4197,#4199,.T.);
#4197 = VERTEX_POINT('',#4198);
#4198 = CARTESIAN_POINT('',(0.,-880.,280.));
#4199 = LINE('',#4200,#4201);
#4200 = CARTESIAN_POINT('',(0.,-880.,100.));
#4201 = VECTOR('',#4202,1.);
#4202 = DIRECTION('',(0.,0.,1.));
#4203 = ORIENTED_EDGE('',*,*,#4204,.F.);
#4204 = EDGE_CURVE('',#4181,#4197,#4205,.T.);
#4205 = LINE('',#4206,#4207);
#4206 = CARTESIAN_POINT('',(0.,-900.,280.));
#4207 = VECTOR('',#4208,1.);
#4208 = DIRECTION('',(0.,1.,0.));
#4209 = PLANE('',#4210);
#4210 = AXIS2_PLACEMENT_3D('',#4211,#4212,#4213);
#4211 = CARTESIAN_POINT('',(0.,-900.,100.));
#4212 = DIRECTION('',(1.,0.,0.));
#4213 = DIRECTION('',(0.,0.,1.));
#4214 = ADVANCED_FACE('',(#4215),#4249,.T.);
#4215 = FACE_BOUND('',#4216,.T.);
#4216 = EDGE_LOOP('',(#4217,#4227,#4235,#4243));
#4217 = ORIENTED_EDGE('',*,*,#4218,.F.);
#4218 = EDGE_CURVE('',#4219,#4221,#4223,.T.);
#4219 = VERTEX_POINT('',#4220);
#4220 = CARTESIAN_POINT('',(420.,-900.,100.));
#4221 = VERTEX_POINT('',#4222);
#4222 = CARTESIAN_POINT('',(420.,-900.,280.));
#4223 = LINE('',#4224,#4225);
#4224 = CARTESIAN_POINT('',(420.,-900.,100.));
#4225 = VECTOR('',#4226,1.);
#4226 = DIRECTION('',(0.,0.,1.));
#4227 = ORIENTED_EDGE('',*,*,#4228,.T.);
#4228 = EDGE_CURVE('',#4219,#4229,#4231,.T.);
#4229 = VERTEX_POINT('',#4230);
#4230 = CARTESIAN_POINT('',(420.,-880.,100.));
#4231 = LINE('',#4232,#4233);
#4232 = CARTESIAN_POINT('',(420.,-900.,100.));
#4233 = VECTOR('',#4234,1.);
#4234 = DIRECTION('',(0.,1.,0.));
#4235 = ORIENTED_EDGE('',*,*,#4236,.T.);
#4236 = EDGE_CURVE('',#4229,#4237,#4239,.T.);
#4237 = VERTEX_POINT('',#4238);
#4238 = CARTESIAN_POINT('',(420.,-880.,280.));
#4239 = LINE('',#4240,#4241);
#4240 = CARTESIAN_POINT('',(420.,-880.,100.));
#4241 = VECTOR('',#4242,1.);
#4242 = DIRECTION('',(0.,0.,1.));
#4243 = ORIENTED_EDGE('',*,*,#4244,.F.);
#4244 = EDGE_CURVE('',#4221,#4237,#4245,.T.);
#4245 = LINE('',#4246,#4247);
#4246 = CARTESIAN_POINT('',(420.,-900.,280.));
#4247 = VECTOR('',#4248,1.);
#4248 = DIRECTION('',(0.,1.,0.));
#4249 = PLANE('',#4250);
#4250 = AXIS2_PLACEMENT_3D('',#4251,#4252,#4253);
#4251 = CARTESIAN_POINT('',(420.,-900.,100.));
#4252 = DIRECTION('',(1.,0.,0.));
#4253 = DIRECTION('',(0.,0.,1.));
#4254 = ADVANCED_FACE('',(#4255),#4271,.F.);
#4255 = FACE_BOUND('',#4256,.F.);
#4256 = EDGE_LOOP('',(#4257,#4263,#4264,#4270));
#4257 = ORIENTED_EDGE('',*,*,#4258,.F.);
#4258 = EDGE_CURVE('',#4179,#4219,#4259,.T.);
#4259 = LINE('',#4260,#4261);
#4260 = CARTESIAN_POINT('',(0.,-900.,100.));
#4261 = VECTOR('',#4262,1.);
#4262 = DIRECTION('',(1.,0.,0.));
#4263 = ORIENTED_EDGE('',*,*,#4178,.T.);
#4264 = ORIENTED_EDGE('',*,*,#4265,.T.);
#4265 = EDGE_CURVE('',#4181,#4221,#4266,.T.);
#4266 = LINE('',#4267,#4268);
#4267 = CARTESIAN_POINT('',(0.,-900.,280.));
#4268 = VECTOR('',#4269,1.);
#4269 = DIRECTION('',(1.,0.,0.));
#4270 = ORIENTED_EDGE('',*,*,#4218,.F.);
#4271 = PLANE('',#4272);
#4272 = AXIS2_PLACEMENT_3D('',#4273,#4274,#4275);
#4273 = CARTESIAN_POINT('',(0.,-900.,100.));
#4274 = DIRECTION('',(0.,1.,0.));
#4275 = DIRECTION('',(0.,0.,1.));
#4276 = ADVANCED_FACE('',(#4277),#4293,.T.);
#4277 = FACE_BOUND('',#4278,.T.);
#4278 = EDGE_LOOP('',(#4279,#4285,#4286,#4292));
#4279 = ORIENTED_EDGE('',*,*,#4280,.F.);
#4280 = EDGE_CURVE('',#4189,#4229,#4281,.T.);
#4281 = LINE('',#4282,#4283);
#4282 = CARTESIAN_POINT('',(0.,-880.,100.));
#4283 = VECTOR('',#4284,1.);
#4284 = DIRECTION('',(1.,0.,0.));
#4285 = ORIENTED_EDGE('',*,*,#4196,.T.);
#4286 = ORIENTED_EDGE('',*,*,#4287,.T.);
#4287 = EDGE_CURVE('',#4197,#4237,#4288,.T.);
#4288 = LINE('',#4289,#4290);
#4289 = CARTESIAN_POINT('',(0.,-880.,280.));
#4290 = VECTOR('',#4291,1.);
#4291 = DIRECTION('',(1.,0.,0.));
#4292 = ORIENTED_EDGE('',*,*,#4236,.F.);
#4293 = PLANE('',#4294);
#4294 = AXIS2_PLACEMENT_3D('',#4295,#4296,#4297);
#4295 = CARTESIAN_POINT('',(0.,-880.,100.));
#4296 = DIRECTION('',(0.,1.,0.));
#4297 = DIRECTION('',(0.,0.,1.));
#4298 = ADVANCED_FACE('',(#4299),#4305,.F.);
#4299 = FACE_BOUND('',#4300,.F.);
#4300 = EDGE_LOOP('',(#4301,#4302,#4303,#4304));
#4301 = ORIENTED_EDGE('',*,*,#4188,.F.);
#4302 = ORIENTED_EDGE('',*,*,#4258,.T.);
#4303 = ORIENTED_EDGE('',*,*,#4228,.T.);
#4304 = ORIENTED_EDGE('',*,*,#4280,.F.);
#4305 = PLANE('',#4306);
#4306 = AXIS2_PLACEMENT_3D('',#4307,#4308,#4309);
#4307 = CARTESIAN_POINT('',(0.,-900.,100.));
#4308 = DIRECTION('',(0.,0.,1.));
#4309 = DIRECTION('',(1.,0.,0.));
#4310 = ADVANCED_FACE('',(#4311),#4317,.T.);
#4311 = FACE_BOUND('',#4312,.T.);
#4312 = EDGE_LOOP('',(#4313,#4314,#4315,#4316));
#4313 = ORIENTED_EDGE('',*,*,#4204,.F.);
#4314 = ORIENTED_EDGE('',*,*,#4265,.T.);
#4315 = ORIENTED_EDGE('',*,*,#4244,.T.);
#4316 = ORIENTED_EDGE('',*,*,#4287,.F.);
#4317 = PLANE('',#4318);
#4318 = AXIS2_PLACEMENT_3D('',#4319,#4320,#4321);
#4319 = CARTESIAN_POINT('',(0.,-900.,280.));
#4320 = DIRECTION('',(0.,0.,1.));
#4321 = DIRECTION('',(1.,0.,0.));
#4322 = MANIFOLD_SOLID_BREP('',#4323);
#4323 = CLOSED_SHELL('',(#4324,#4364,#4404,#4426,#4448,#4460));
#4324 = ADVANCED_FACE('',(#4325),#4359,.F.);
#4325 = FACE_BOUND('',#4326,.F.);
#4326 = EDGE_LOOP('',(#4327,#4337,#4345,#4353));
#4327 = ORIENTED_EDGE('',*,*,#4328,.F.);
#4328 = EDGE_CURVE('',#4329,#4331,#4333,.T.);
#4329 = VERTEX_POINT('',#4330);
#4330 = CARTESIAN_POINT('',(4.1E+03,560.,590.));
#4331 = VERTEX_POINT('',#4332);
#4332 = CARTESIAN_POINT('',(4.1E+03,560.,950.));
#4333 = LINE('',#4334,#4335);
#4334 = CARTESIAN_POINT('',(4.1E+03,560.,590.));
#4335 = VECTOR('',#4336,1.);
#4336 = DIRECTION('',(0.,0.,1.));
#4337 = ORIENTED_EDGE('',*,*,#4338,.T.);
#4338 = EDGE_CURVE('',#4329,#4339,#4341,.T.);
#4339 = VERTEX_POINT('',#4340);
#4340 = CARTESIAN_POINT('',(4.1E+03,580.,590.));
#4341 = LINE('',#4342,#4343);
#4342 = CARTESIAN_POINT('',(4.1E+03,560.,590.));
#4343 = VECTOR('',#4344,1.);
#4344 = DIRECTION('',(0.,1.,0.));
#4345 = ORIENTED_EDGE('',*,*,#4346,.T.);
#4346 = EDGE_CURVE('',#4339,#4347,#4349,.T.);
#4347 = VERTEX_POINT('',#4348);
#4348 = CARTESIAN_POINT('',(4.1E+03,580.,950.));
#4349 = LINE('',#4350,#4351);
#4350 = CARTESIAN_POINT('',(4.1E+03,580.,590.));
#4351 = VECTOR('',#4352,1.);
#4352 = DIRECTION('',(0.,0.,1.));
#4353 = ORIENTED_EDGE('',*,*,#4354,.F.);
#4354 = EDGE_CURVE('',#4331,#4347,#4355,.T.);
#4355 = LINE('',#4356,#4357);
#4356 = CARTESIAN_POINT('',(4.1E+03,560.,950.));
#4357 = VECTOR('',#4358,1.);
#4358 = DIRECTION('',(0.,1.,0.));
#4359 = PLANE('',#4360);
#4360 = AXIS2_PLACEMENT_3D('',#4361,#4362,#4363);
#4361 = CARTESIAN_POINT('',(4.1E+03,560.,590.));
#4362 = DIRECTION('',(1.,0.,0.));
#4363 = DIRECTION('',(0.,0.,1.));
#4364 = ADVANCED_FACE('',(#4365),#4399,.T.);
#4365 = FACE_BOUND('',#4366,.T.);
#4366 = EDGE_LOOP('',(#4367,#4377,#4385,#4393));
#4367 = ORIENTED_EDGE('',*,*,#4368,.F.);
#4368 = EDGE_CURVE('',#4369,#4371,#4373,.T.);
#4369 = VERTEX_POINT('',#4370);
#4370 = CARTESIAN_POINT('',(4.5E+03,560.,590.));
#4371 = VERTEX_POINT('',#4372);
#4372 = CARTESIAN_POINT('',(4.5E+03,560.,950.));
#4373 = LINE('',#4374,#4375);
#4374 = CARTESIAN_POINT('',(4.5E+03,560.,590.));
#4375 = VECTOR('',#4376,1.);
#4376 = DIRECTION('',(0.,0.,1.));
#4377 = ORIENTED_EDGE('',*,*,#4378,.T.);
#4378 = EDGE_CURVE('',#4369,#4379,#4381,.T.);
#4379 = VERTEX_POINT('',#4380);
#4380 = CARTESIAN_POINT('',(4.5E+03,580.,590.));
#4381 = LINE('',#4382,#4383);
#4382 = CARTESIAN_POINT('',(4.5E+03,560.,590.));
#4383 = VECTOR('',#4384,1.);
#4384 = DIRECTION('',(0.,1.,0.));
#4385 = ORIENTED_EDGE('',*,*,#4386,.T.);
#4386 = EDGE_CURVE('',#4379,#4387,#4389,.T.);
#4387 = VERTEX_POINT('',#4388);
#4388 = CARTESIAN_POINT('',(4.5E+03,580.,950.));
#4389 = LINE('',#4390,#4391);
#4390 = CARTESIAN_POINT('',(4.5E+03,580.,590.));
#4391 = VECTOR('',#4392,1.);
#4392 = DIRECTION('',(0.,0.,1.));
#4393 = ORIENTED_EDGE('',*,*,#4394,.F.);
#4394 = EDGE_CURVE('',#4371,#4387,#4395,.T.);
#4395 = LINE('',#4396,#4397);
#4396 = CARTESIAN_POINT('',(4.5E+03,560.,950.));
#4397 = VECTOR('',#4398,1.);
#4398 = DIRECTION('',(0.,1.,0.));
#4399 = PLANE('',#4400);
#4400 = AXIS2_PLACEMENT_3D('',#4401,#4402,#4403);
#4401 = CARTESIAN_POINT('',(4.5E+03,560.,590.));
#4402 = DIRECTION('',(1.,0.,0.));
#4403 = DIRECTION('',(0.,0.,1.));
#4404 = ADVANCED_FACE('',(#4405),#4421,.F.);
#4405 = FACE_BOUND('',#4406,.F.);
#4406 = EDGE_LOOP('',(#4407,#4413,#4414,#4420));
#4407 = ORIENTED_EDGE('',*,*,#4408,.F.);
#4408 = EDGE_CURVE('',#4329,#4369,#4409,.T.);
#4409 = LINE('',#4410,#4411);
#4410 = CARTESIAN_POINT('',(4.1E+03,560.,590.));
#4411 = VECTOR('',#4412,1.);
#4412 = DIRECTION('',(1.,0.,0.));
#4413 = ORIENTED_EDGE('',*,*,#4328,.T.);
#4414 = ORIENTED_EDGE('',*,*,#4415,.T.);
#4415 = EDGE_CURVE('',#4331,#4371,#4416,.T.);
#4416 = LINE('',#4417,#4418);
#4417 = CARTESIAN_POINT('',(4.1E+03,560.,950.));
#4418 = VECTOR('',#4419,1.);
#4419 = DIRECTION('',(1.,0.,0.));
#4420 = ORIENTED_EDGE('',*,*,#4368,.F.);
#4421 = PLANE('',#4422);
#4422 = AXIS2_PLACEMENT_3D('',#4423,#4424,#4425);
#4423 = CARTESIAN_POINT('',(4.1E+03,560.,590.));
#4424 = DIRECTION('',(0.,1.,0.));
#4425 = DIRECTION('',(0.,0.,1.));
#4426 = ADVANCED_FACE('',(#4427),#4443,.T.);
#4427 = FACE_BOUND('',#4428,.T.);
#4428 = EDGE_LOOP('',(#4429,#4435,#4436,#4442));
#4429 = ORIENTED_EDGE('',*,*,#4430,.F.);
#4430 = EDGE_CURVE('',#4339,#4379,#4431,.T.);
#4431 = LINE('',#4432,#4433);
#4432 = CARTESIAN_POINT('',(4.1E+03,580.,590.));
#4433 = VECTOR('',#4434,1.);
#4434 = DIRECTION('',(1.,0.,0.));
#4435 = ORIENTED_EDGE('',*,*,#4346,.T.);
#4436 = ORIENTED_EDGE('',*,*,#4437,.T.);
#4437 = EDGE_CURVE('',#4347,#4387,#4438,.T.);
#4438 = LINE('',#4439,#4440);
#4439 = CARTESIAN_POINT('',(4.1E+03,580.,950.));
#4440 = VECTOR('',#4441,1.);
#4441 = DIRECTION('',(1.,0.,0.));
#4442 = ORIENTED_EDGE('',*,*,#4386,.F.);
#4443 = PLANE('',#4444);
#4444 = AXIS2_PLACEMENT_3D('',#4445,#4446,#4447);
#4445 = CARTESIAN_POINT('',(4.1E+03,580.,590.));
#4446 = DIRECTION('',(0.,1.,0.));
#4447 = DIRECTION('',(0.,0.,1.));
#4448 = ADVANCED_FACE('',(#4449),#4455,.F.);
#4449 = FACE_BOUND('',#4450,.F.);
#4450 = EDGE_LOOP('',(#4451,#4452,#4453,#4454));
#4451 = ORIENTED_EDGE('',*,*,#4338,.F.);
#4452 = ORIENTED_EDGE('',*,*,#4408,.T.);
#4453 = ORIENTED_EDGE('',*,*,#4378,.T.);
#4454 = ORIENTED_EDGE('',*,*,#4430,.F.);
#4455 = PLANE('',#4456);
#4456 = AXIS2_PLACEMENT_3D('',#4457,#4458,#4459);
#4457 = CARTESIAN_POINT('',(4.1E+03,560.,590.));
#4458 = DIRECTION('',(0.,0.,1.));
#4459 = DIRECTION('',(1.,0.,0.));
#4460 = ADVANCED_FACE('',(#4461),#4467,.T.);
#4461 = FACE_BOUND('',#4462,.T.);
#4462 = EDGE_LOOP('',(#4463,#4464,#4465,#4466));
#4463 = ORIENTED_EDGE('',*,*,#4354,.F.);
#4464 = ORIENTED_EDGE('',*,*,#4415,.T.);
#4465 = ORIENTED_EDGE('',*,*,#4394,.T.);
#4466 = ORIENTED_EDGE('',*,*,#4437,.F.);
#4467 = PLANE('',#4468);
#4468 = AXIS2_PLACEMENT_3D('',#4469,#4470,#4471);
#4469 = CARTESIAN_POINT('',(4.1E+03,560.,950.));
#4470 = DIRECTION('',(0.,0.,1.));
#4471 = DIRECTION('',(1.,0.,0.));
#4472 = MANIFOLD_SOLID_BREP('',#4473);
#4473 = CLOSED_SHELL('',(#4474,#4514,#4554,#4576,#4598,#4610));
#4474 = ADVANCED_FACE('',(#4475),#4509,.F.);
#4475 = FACE_BOUND('',#4476,.F.);
#4476 = EDGE_LOOP('',(#4477,#4487,#4495,#4503));
#4477 = ORIENTED_EDGE('',*,*,#4478,.F.);
#4478 = EDGE_CURVE('',#4479,#4481,#4483,.T.);
#4479 = VERTEX_POINT('',#4480);
#4480 = CARTESIAN_POINT('',(4.1E+03,-580.,590.));
#4481 = VERTEX_POINT('',#4482);
#4482 = CARTESIAN_POINT('',(4.1E+03,-580.,950.));
#4483 = LINE('',#4484,#4485);
#4484 = CARTESIAN_POINT('',(4.1E+03,-580.,590.));
#4485 = VECTOR('',#4486,1.);
#4486 = DIRECTION('',(0.,0.,1.));
#4487 = ORIENTED_EDGE('',*,*,#4488,.T.);
#4488 = EDGE_CURVE('',#4479,#4489,#4491,.T.);
#4489 = VERTEX_POINT('',#4490);
#4490 = CARTESIAN_POINT('',(4.1E+03,-560.,590.));
#4491 = LINE('',#4492,#4493);
#4492 = CARTESIAN_POINT('',(4.1E+03,-580.,590.));
#4493 = VECTOR('',#4494,1.);
#4494 = DIRECTION('',(0.,1.,0.));
#4495 = ORIENTED_EDGE('',*,*,#4496,.T.);
#4496 = EDGE_CURVE('',#4489,#4497,#4499,.T.);
#4497 = VERTEX_POINT('',#4498);
#4498 = CARTESIAN_POINT('',(4.1E+03,-560.,950.));
#4499 = LINE('',#4500,#4501);
#4500 = CARTESIAN_POINT('',(4.1E+03,-560.,590.));
#4501 = VECTOR('',#4502,1.);
#4502 = DIRECTION('',(0.,0.,1.));
#4503 = ORIENTED_EDGE('',*,*,#4504,.F.);
#4504 = EDGE_CURVE('',#4481,#4497,#4505,.T.);
#4505 = LINE('',#4506,#4507);
#4506 = CARTESIAN_POINT('',(4.1E+03,-580.,950.));
#4507 = VECTOR('',#4508,1.);
#4508 = DIRECTION('',(0.,1.,0.));
#4509 = PLANE('',#4510);
#4510 = AXIS2_PLACEMENT_3D('',#4511,#4512,#4513);
#4511 = CARTESIAN_POINT('',(4.1E+03,-580.,590.));
#4512 = DIRECTION('',(1.,0.,0.));
#4513 = DIRECTION('',(0.,0.,1.));
#4514 = ADVANCED_FACE('',(#4515),#4549,.T.);
#4515 = FACE_BOUND('',#4516,.T.);
#4516 = EDGE_LOOP('',(#4517,#4527,#4535,#4543));
#4517 = ORIENTED_EDGE('',*,*,#4518,.F.);
#4518 = EDGE_CURVE('',#4519,#4521,#4523,.T.);
#4519 = VERTEX_POINT('',#4520);
#4520 = CARTESIAN_POINT('',(4.5E+03,-580.,590.));
#4521 = VERTEX_POINT('',#4522);
#4522 = CARTESIAN_POINT('',(4.5E+03,-580.,950.));
#4523 = LINE('',#4524,#4525);
#4524 = CARTESIAN_POINT('',(4.5E+03,-580.,590.));
#4525 = VECTOR('',#4526,1.);
#4526 = DIRECTION('',(0.,0.,1.));
#4527 = ORIENTED_EDGE('',*,*,#4528,.T.);
#4528 = EDGE_CURVE('',#4519,#4529,#4531,.T.);
#4529 = VERTEX_POINT('',#4530);
#4530 = CARTESIAN_POINT('',(4.5E+03,-560.,590.));
#4531 = LINE('',#4532,#4533);
#4532 = CARTESIAN_POINT('',(4.5E+03,-580.,590.));
#4533 = VECTOR('',#4534,1.);
#4534 = DIRECTION('',(0.,1.,0.));
#4535 = ORIENTED_EDGE('',*,*,#4536,.T.);
#4536 = EDGE_CURVE('',#4529,#4537,#4539,.T.);
#4537 = VERTEX_POINT('',#4538);
#4538 = CARTESIAN_POINT('',(4.5E+03,-560.,950.));
#4539 = LINE('',#4540,#4541);
#4540 = CARTESIAN_POINT('',(4.5E+03,-560.,590.));
#4541 = VECTOR('',#4542,1.);
#4542 = DIRECTION('',(0.,0.,1.));
#4543 = ORIENTED_EDGE('',*,*,#4544,.F.);
#4544 = EDGE_CURVE('',#4521,#4537,#4545,.T.);
#4545 = LINE('',#4546,#4547);
#4546 = CARTESIAN_POINT('',(4.5E+03,-580.,950.));
#4547 = VECTOR('',#4548,1.);
#4548 = DIRECTION('',(0.,1.,0.));
#4549 = PLANE('',#4550);
#4550 = AXIS2_PLACEMENT_3D('',#4551,#4552,#4553);
#4551 = CARTESIAN_POINT('',(4.5E+03,-580.,590.));
#4552 = DIRECTION('',(1.,0.,0.));
#4553 = DIRECTION('',(0.,0.,1.));
#4554 = ADVANCED_FACE('',(#4555),#4571,.F.);
#4555 = FACE_BOUND('',#4556,.F.);
#4556 = EDGE_LOOP('',(#4557,#4563,#4564,#4570));
#4557 = ORIENTED_EDGE('',*,*,#4558,.F.);
#4558 = EDGE_CURVE('',#4479,#4519,#4559,.T.);
#4559 = LINE('',#4560,#4561);
#4560 = CARTESIAN_POINT('',(4.1E+03,-580.,590.));
#4561 = VECTOR('',#4562,1.);
#4562 = DIRECTION('',(1.,0.,0.));
#4563 = ORIENTED_EDGE('',*,*,#4478,.T.);
#4564 = ORIENTED_EDGE('',*,*,#4565,.T.);
#4565 = EDGE_CURVE('',#4481,#4521,#4566,.T.);
#4566 = LINE('',#4567,#4568);
#4567 = CARTESIAN_POINT('',(4.1E+03,-580.,950.));
#4568 = VECTOR('',#4569,1.);
#4569 = DIRECTION('',(1.,0.,0.));
#4570 = ORIENTED_EDGE('',*,*,#4518,.F.);
#4571 = PLANE('',#4572);
#4572 = AXIS2_PLACEMENT_3D('',#4573,#4574,#4575);
#4573 = CARTESIAN_POINT('',(4.1E+03,-580.,590.));
#4574 = DIRECTION('',(0.,1.,0.));
#4575 = DIRECTION('',(0.,0.,1.));
#4576 = ADVANCED_FACE('',(#4577),#4593,.T.);
#4577 = FACE_BOUND('',#4578,.T.);
#4578 = EDGE_LOOP('',(#4579,#4585,#4586,#4592));
#4579 = ORIENTED_EDGE('',*,*,#4580,.F.);
#4580 = EDGE_CURVE('',#4489,#4529,#4581,.T.);
#4581 = LINE('',#4582,#4583);
#4582 = CARTESIAN_POINT('',(4.1E+03,-560.,590.));
#4583 = VECTOR('',#4584,1.);
#4584 = DIRECTION('',(1.,0.,0.));
#4585 = ORIENTED_EDGE('',*,*,#4496,.T.);
#4586 = ORIENTED_EDGE('',*,*,#4587,.T.);
#4587 = EDGE_CURVE('',#4497,#4537,#4588,.T.);
#4588 = LINE('',#4589,#4590);
#4589 = CARTESIAN_POINT('',(4.1E+03,-560.,950.));
#4590 = VECTOR('',#4591,1.);
#4591 = DIRECTION('',(1.,0.,0.));
#4592 = ORIENTED_EDGE('',*,*,#4536,.F.);
#4593 = PLANE('',#4594);
#4594 = AXIS2_PLACEMENT_3D('',#4595,#4596,#4597);
#4595 = CARTESIAN_POINT('',(4.1E+03,-560.,590.));
#4596 = DIRECTION('',(0.,1.,0.));
#4597 = DIRECTION('',(0.,0.,1.));
#4598 = ADVANCED_FACE('',(#4599),#4605,.F.);
#4599 = FACE_BOUND('',#4600,.F.);
#4600 = EDGE_LOOP('',(#4601,#4602,#4603,#4604));
#4601 = ORIENTED_EDGE('',*,*,#4488,.F.);
#4602 = ORIENTED_EDGE('',*,*,#4558,.T.);
#4603 = ORIENTED_EDGE('',*,*,#4528,.T.);
#4604 = ORIENTED_EDGE('',*,*,#4580,.F.);
#4605 = PLANE('',#4606);
#4606 = AXIS2_PLACEMENT_3D('',#4607,#4608,#4609);
#4607 = CARTESIAN_POINT('',(4.1E+03,-580.,590.));
#4608 = DIRECTION('',(0.,0.,1.));
#4609 = DIRECTION('',(1.,0.,0.));
#4610 = ADVANCED_FACE('',(#4611),#4617,.T.);
#4611 = FACE_BOUND('',#4612,.T.);
#4612 = EDGE_LOOP('',(#4613,#4614,#4615,#4616));
#4613 = ORIENTED_EDGE('',*,*,#4504,.F.);
#4614 = ORIENTED_EDGE('',*,*,#4565,.T.);
#4615 = ORIENTED_EDGE('',*,*,#4544,.T.);
#4616 = ORIENTED_EDGE('',*,*,#4587,.F.);
#4617 = PLANE('',#4618);
#4618 = AXIS2_PLACEMENT_3D('',#4619,#4620,#4621);
#4619 = CARTESIAN_POINT('',(4.1E+03,-580.,950.));
#4620 = DIRECTION('',(0.,0.,1.));
#4621 = DIRECTION('',(1.,0.,0.));
#4622 = MANIFOLD_SOLID_BREP('',#4623);
#4623 = CLOSED_SHELL('',(#4624,#4664,#4704,#4726,#4748,#4760));
#4624 = ADVANCED_FACE('',(#4625),#4659,.F.);
#4625 = FACE_BOUND('',#4626,.F.);
#4626 = EDGE_LOOP('',(#4627,#4637,#4645,#4653));
#4627 = ORIENTED_EDGE('',*,*,#4628,.F.);
#4628 = EDGE_CURVE('',#4629,#4631,#4633,.T.);
#4629 = VERTEX_POINT('',#4630);
#4630 = CARTESIAN_POINT('',(4.1E+03,-560.,865.));
#4631 = VERTEX_POINT('',#4632);
#4632 = CARTESIAN_POINT('',(4.1E+03,-560.,905.));
#4633 = LINE('',#4634,#4635);
#4634 = CARTESIAN_POINT('',(4.1E+03,-560.,865.));
#4635 = VECTOR('',#4636,1.);
#4636 = DIRECTION('',(0.,0.,1.));
#4637 = ORIENTED_EDGE('',*,*,#4638,.T.);
#4638 = EDGE_CURVE('',#4629,#4639,#4641,.T.);
#4639 = VERTEX_POINT('',#4640);
#4640 = CARTESIAN_POINT('',(4.1E+03,560.,865.));
#4641 = LINE('',#4642,#4643);
#4642 = CARTESIAN_POINT('',(4.1E+03,-560.,865.));
#4643 = VECTOR('',#4644,1.);
#4644 = DIRECTION('',(0.,1.,0.));
#4645 = ORIENTED_EDGE('',*,*,#4646,.T.);
#4646 = EDGE_CURVE('',#4639,#4647,#4649,.T.);
#4647 = VERTEX_POINT('',#4648);
#4648 = CARTESIAN_POINT('',(4.1E+03,560.,905.));
#4649 = LINE('',#4650,#4651);
#4650 = CARTESIAN_POINT('',(4.1E+03,560.,865.));
#4651 = VECTOR('',#4652,1.);
#4652 = DIRECTION('',(0.,0.,1.));
#4653 = ORIENTED_EDGE('',*,*,#4654,.F.);
#4654 = EDGE_CURVE('',#4631,#4647,#4655,.T.);
#4655 = LINE('',#4656,#4657);
#4656 = CARTESIAN_POINT('',(4.1E+03,-560.,905.));
#4657 = VECTOR('',#4658,1.);
#4658 = DIRECTION('',(0.,1.,0.));
#4659 = PLANE('',#4660);
#4660 = AXIS2_PLACEMENT_3D('',#4661,#4662,#4663);
#4661 = CARTESIAN_POINT('',(4.1E+03,-560.,865.));
#4662 = DIRECTION('',(1.,0.,0.));
#4663 = DIRECTION('',(0.,0.,1.));
#4664 = ADVANCED_FACE('',(#4665),#4699,.T.);
#4665 = FACE_BOUND('',#4666,.T.);
#4666 = EDGE_LOOP('',(#4667,#4677,#4685,#4693));
#4667 = ORIENTED_EDGE('',*,*,#4668,.F.);
#4668 = EDGE_CURVE('',#4669,#4671,#4673,.T.);
#4669 = VERTEX_POINT('',#4670);
#4670 = CARTESIAN_POINT('',(4.5E+03,-560.,865.));
#4671 = VERTEX_POINT('',#4672);
#4672 = CARTESIAN_POINT('',(4.5E+03,-560.,905.));
#4673 = LINE('',#4674,#4675);
#4674 = CARTESIAN_POINT('',(4.5E+03,-560.,865.));
#4675 = VECTOR('',#4676,1.);
#4676 = DIRECTION('',(0.,0.,1.));
#4677 = ORIENTED_EDGE('',*,*,#4678,.T.);
#4678 = EDGE_CURVE('',#4669,#4679,#4681,.T.);
#4679 = VERTEX_POINT('',#4680);
#4680 = CARTESIAN_POINT('',(4.5E+03,560.,865.));
#4681 = LINE('',#4682,#4683);
#4682 = CARTESIAN_POINT('',(4.5E+03,-560.,865.));
#4683 = VECTOR('',#4684,1.);
#4684 = DIRECTION('',(0.,1.,0.));
#4685 = ORIENTED_EDGE('',*,*,#4686,.T.);
#4686 = EDGE_CURVE('',#4679,#4687,#4689,.T.);
#4687 = VERTEX_POINT('',#4688);
#4688 = CARTESIAN_POINT('',(4.5E+03,560.,905.));
#4689 = LINE('',#4690,#4691);
#4690 = CARTESIAN_POINT('',(4.5E+03,560.,865.));
#4691 = VECTOR('',#4692,1.);
#4692 = DIRECTION('',(0.,0.,1.));
#4693 = ORIENTED_EDGE('',*,*,#4694,.F.);
#4694 = EDGE_CURVE('',#4671,#4687,#4695,.T.);
#4695 = LINE('',#4696,#4697);
#4696 = CARTESIAN_POINT('',(4.5E+03,-560.,905.));
#4697 = VECTOR('',#4698,1.);
#4698 = DIRECTION('',(0.,1.,0.));
#4699 = PLANE('',#4700);
#4700 = AXIS2_PLACEMENT_3D('',#4701,#4702,#4703);
#4701 = CARTESIAN_POINT('',(4.5E+03,-560.,865.));
#4702 = DIRECTION('',(1.,0.,0.));
#4703 = DIRECTION('',(0.,0.,1.));
#4704 = ADVANCED_FACE('',(#4705),#4721,.F.);
#4705 = FACE_BOUND('',#4706,.F.);
#4706 = EDGE_LOOP('',(#4707,#4713,#4714,#4720));
#4707 = ORIENTED_EDGE('',*,*,#4708,.F.);
#4708 = EDGE_CURVE('',#4629,#4669,#4709,.T.);
#4709 = LINE('',#4710,#4711);
#4710 = CARTESIAN_POINT('',(4.1E+03,-560.,865.));
#4711 = VECTOR('',#4712,1.);
#4712 = DIRECTION('',(1.,0.,0.));
#4713 = ORIENTED_EDGE('',*,*,#4628,.T.);
#4714 = ORIENTED_EDGE('',*,*,#4715,.T.);
#4715 = EDGE_CURVE('',#4631,#4671,#4716,.T.);
#4716 = LINE('',#4717,#4718);
#4717 = CARTESIAN_POINT('',(4.1E+03,-560.,905.));
#4718 = VECTOR('',#4719,1.);
#4719 = DIRECTION('',(1.,0.,0.));
#4720 = ORIENTED_EDGE('',*,*,#4668,.F.);
#4721 = PLANE('',#4722);
#4722 = AXIS2_PLACEMENT_3D('',#4723,#4724,#4725);
#4723 = CARTESIAN_POINT('',(4.1E+03,-560.,865.));
#4724 = DIRECTION('',(0.,1.,0.));
#4725 = DIRECTION('',(0.,0.,1.));
#4726 = ADVANCED_FACE('',(#4727),#4743,.T.);
#4727 = FACE_BOUND('',#4728,.T.);
#4728 = EDGE_LOOP('',(#4729,#4735,#4736,#4742));
#4729 = ORIENTED_EDGE('',*,*,#4730,.F.);
#4730 = EDGE_CURVE('',#4639,#4679,#4731,.T.);
#4731 = LINE('',#4732,#4733);
#4732 = CARTESIAN_POINT('',(4.1E+03,560.,865.));
#4733 = VECTOR('',#4734,1.);
#4734 = DIRECTION('',(1.,0.,0.));
#4735 = ORIENTED_EDGE('',*,*,#4646,.T.);
#4736 = ORIENTED_EDGE('',*,*,#4737,.T.);
#4737 = EDGE_CURVE('',#4647,#4687,#4738,.T.);
#4738 = LINE('',#4739,#4740);
#4739 = CARTESIAN_POINT('',(4.1E+03,560.,905.));
#4740 = VECTOR('',#4741,1.);
#4741 = DIRECTION('',(1.,0.,0.));
#4742 = ORIENTED_EDGE('',*,*,#4686,.F.);
#4743 = PLANE('',#4744);
#4744 = AXIS2_PLACEMENT_3D('',#4745,#4746,#4747);
#4745 = CARTESIAN_POINT('',(4.1E+03,560.,865.));
#4746 = DIRECTION('',(0.,1.,0.));
#4747 = DIRECTION('',(0.,0.,1.));
#4748 = ADVANCED_FACE('',(#4749),#4755,.F.);
#4749 = FACE_BOUND('',#4750,.F.);
#4750 = EDGE_LOOP('',(#4751,#4752,#4753,#4754));
#4751 = ORIENTED_EDGE('',*,*,#4638,.F.);
#4752 = ORIENTED_EDGE('',*,*,#4708,.T.);
#4753 = ORIENTED_EDGE('',*,*,#4678,.T.);
#4754 = ORIENTED_EDGE('',*,*,#4730,.F.);
#4755 = PLANE('',#4756);
#4756 = AXIS2_PLACEMENT_3D('',#4757,#4758,#4759);
#4757 = CARTESIAN_POINT('',(4.1E+03,-560.,865.));
#4758 = DIRECTION('',(0.,0.,1.));
#4759 = DIRECTION('',(1.,0.,0.));
#4760 = ADVANCED_FACE('',(#4761),#4767,.T.);
#4761 = FACE_BOUND('',#4762,.T.);
#4762 = EDGE_LOOP('',(#4763,#4764,#4765,#4766));
#4763 = ORIENTED_EDGE('',*,*,#4654,.F.);
#4764 = ORIENTED_EDGE('',*,*,#4715,.T.);
#4765 = ORIENTED_EDGE('',*,*,#4694,.T.);
#4766 = ORIENTED_EDGE('',*,*,#4737,.F.);
#4767 = PLANE('',#4768);
#4768 = AXIS2_PLACEMENT_3D('',#4769,#4770,#4771);
#4769 = CARTESIAN_POINT('',(4.1E+03,-560.,905.));
#4770 = DIRECTION('',(0.,0.,1.));
#4771 = DIRECTION('',(1.,0.,0.));
#4772 = MANIFOLD_SOLID_BREP('',#4773);
#4773 = CLOSED_SHELL('',(#4774,#4814,#4854,#4876,#4898,#4910));
#4774 = ADVANCED_FACE('',(#4775),#4809,.F.);
#4775 = FACE_BOUND('',#4776,.F.);
#4776 = EDGE_LOOP('',(#4777,#4787,#4795,#4803));
#4777 = ORIENTED_EDGE('',*,*,#4778,.F.);
#4778 = EDGE_CURVE('',#4779,#4781,#4783,.T.);
#4779 = VERTEX_POINT('',#4780);
#4780 = CARTESIAN_POINT('',(4.29E+03,-560.,925.));
#4781 = VERTEX_POINT('',#4782);
#4782 = CARTESIAN_POINT('',(4.29E+03,-560.,950.));
#4783 = LINE('',#4784,#4785);
#4784 = CARTESIAN_POINT('',(4.29E+03,-560.,925.));
#4785 = VECTOR('',#4786,1.);
#4786 = DIRECTION('',(0.,0.,1.));
#4787 = ORIENTED_EDGE('',*,*,#4788,.T.);
#4788 = EDGE_CURVE('',#4779,#4789,#4791,.T.);
#4789 = VERTEX_POINT('',#4790);
#4790 = CARTESIAN_POINT('',(4.29E+03,560.,925.));
#4791 = LINE('',#4792,#4793);
#4792 = CARTESIAN_POINT('',(4.29E+03,-560.,925.));
#4793 = VECTOR('',#4794,1.);
#4794 = DIRECTION('',(0.,1.,0.));
#4795 = ORIENTED_EDGE('',*,*,#4796,.T.);
#4796 = EDGE_CURVE('',#4789,#4797,#4799,.T.);
#4797 = VERTEX_POINT('',#4798);
#4798 = CARTESIAN_POINT('',(4.29E+03,560.,950.));
#4799 = LINE('',#4800,#4801);
#4800 = CARTESIAN_POINT('',(4.29E+03,560.,925.));
#4801 = VECTOR('',#4802,1.);
#4802 = DIRECTION('',(0.,0.,1.));
#4803 = ORIENTED_EDGE('',*,*,#4804,.F.);
#4804 = EDGE_CURVE('',#4781,#4797,#4805,.T.);
#4805 = LINE('',#4806,#4807);
#4806 = CARTESIAN_POINT('',(4.29E+03,-560.,950.));
#4807 = VECTOR('',#4808,1.);
#4808 = DIRECTION('',(0.,1.,0.));
#4809 = PLANE('',#4810);
#4810 = AXIS2_PLACEMENT_3D('',#4811,#4812,#4813);
#4811 = CARTESIAN_POINT('',(4.29E+03,-560.,925.));
#4812 = DIRECTION('',(1.,0.,0.));
#4813 = DIRECTION('',(0.,0.,1.));
#4814 = ADVANCED_FACE('',(#4815),#4849,.T.);
#4815 = FACE_BOUND('',#4816,.T.);
#4816 = EDGE_LOOP('',(#4817,#4827,#4835,#4843));
#4817 = ORIENTED_EDGE('',*,*,#4818,.F.);
#4818 = EDGE_CURVE('',#4819,#4821,#4823,.T.);
#4819 = VERTEX_POINT('',#4820);
#4820 = CARTESIAN_POINT('',(4.5E+03,-560.,925.));
#4821 = VERTEX_POINT('',#4822);
#4822 = CARTESIAN_POINT('',(4.5E+03,-560.,950.));
#4823 = LINE('',#4824,#4825);
#4824 = CARTESIAN_POINT('',(4.5E+03,-560.,925.));
#4825 = VECTOR('',#4826,1.);
#4826 = DIRECTION('',(0.,0.,1.));
#4827 = ORIENTED_EDGE('',*,*,#4828,.T.);
#4828 = EDGE_CURVE('',#4819,#4829,#4831,.T.);
#4829 = VERTEX_POINT('',#4830);
#4830 = CARTESIAN_POINT('',(4.5E+03,560.,925.));
#4831 = LINE('',#4832,#4833);
#4832 = CARTESIAN_POINT('',(4.5E+03,-560.,925.));
#4833 = VECTOR('',#4834,1.);
#4834 = DIRECTION('',(0.,1.,0.));
#4835 = ORIENTED_EDGE('',*,*,#4836,.T.);
#4836 = EDGE_CURVE('',#4829,#4837,#4839,.T.);
#4837 = VERTEX_POINT('',#4838);
#4838 = CARTESIAN_POINT('',(4.5E+03,560.,950.));
#4839 = LINE('',#4840,#4841);
#4840 = CARTESIAN_POINT('',(4.5E+03,560.,925.));
#4841 = VECTOR('',#4842,1.);
#4842 = DIRECTION('',(0.,0.,1.));
#4843 = ORIENTED_EDGE('',*,*,#4844,.F.);
#4844 = EDGE_CURVE('',#4821,#4837,#4845,.T.);
#4845 = LINE('',#4846,#4847);
#4846 = CARTESIAN_POINT('',(4.5E+03,-560.,950.));
#4847 = VECTOR('',#4848,1.);
#4848 = DIRECTION('',(0.,1.,0.));
#4849 = PLANE('',#4850);
#4850 = AXIS2_PLACEMENT_3D('',#4851,#4852,#4853);
#4851 = CARTESIAN_POINT('',(4.5E+03,-560.,925.));
#4852 = DIRECTION('',(1.,0.,0.));
#4853 = DIRECTION('',(0.,0.,1.));
#4854 = ADVANCED_FACE('',(#4855),#4871,.F.);
#4855 = FACE_BOUND('',#4856,.F.);
#4856 = EDGE_LOOP('',(#4857,#4863,#4864,#4870));
#4857 = ORIENTED_EDGE('',*,*,#4858,.F.);
#4858 = EDGE_CURVE('',#4779,#4819,#4859,.T.);
#4859 = LINE('',#4860,#4861);
#4860 = CARTESIAN_POINT('',(4.29E+03,-560.,925.));
#4861 = VECTOR('',#4862,1.);
#4862 = DIRECTION('',(1.,0.,0.));
#4863 = ORIENTED_EDGE('',*,*,#4778,.T.);
#4864 = ORIENTED_EDGE('',*,*,#4865,.T.);
#4865 = EDGE_CURVE('',#4781,#4821,#4866,.T.);
#4866 = LINE('',#4867,#4868);
#4867 = CARTESIAN_POINT('',(4.29E+03,-560.,950.));
#4868 = VECTOR('',#4869,1.);
#4869 = DIRECTION('',(1.,0.,0.));
#4870 = ORIENTED_EDGE('',*,*,#4818,.F.);
#4871 = PLANE('',#4872);
#4872 = AXIS2_PLACEMENT_3D('',#4873,#4874,#4875);
#4873 = CARTESIAN_POINT('',(4.29E+03,-560.,925.));
#4874 = DIRECTION('',(0.,1.,0.));
#4875 = DIRECTION('',(0.,0.,1.));
#4876 = ADVANCED_FACE('',(#4877),#4893,.T.);
#4877 = FACE_BOUND('',#4878,.T.);
#4878 = EDGE_LOOP('',(#4879,#4885,#4886,#4892));
#4879 = ORIENTED_EDGE('',*,*,#4880,.F.);
#4880 = EDGE_CURVE('',#4789,#4829,#4881,.T.);
#4881 = LINE('',#4882,#4883);
#4882 = CARTESIAN_POINT('',(4.29E+03,560.,925.));
#4883 = VECTOR('',#4884,1.);
#4884 = DIRECTION('',(1.,0.,0.));
#4885 = ORIENTED_EDGE('',*,*,#4796,.T.);
#4886 = ORIENTED_EDGE('',*,*,#4887,.T.);
#4887 = EDGE_CURVE('',#4797,#4837,#4888,.T.);
#4888 = LINE('',#4889,#4890);
#4889 = CARTESIAN_POINT('',(4.29E+03,560.,950.));
#4890 = VECTOR('',#4891,1.);
#4891 = DIRECTION('',(1.,0.,0.));
#4892 = ORIENTED_EDGE('',*,*,#4836,.F.);
#4893 = PLANE('',#4894);
#4894 = AXIS2_PLACEMENT_3D('',#4895,#4896,#4897);
#4895 = CARTESIAN_POINT('',(4.29E+03,560.,925.));
#4896 = DIRECTION('',(0.,1.,0.));
#4897 = DIRECTION('',(0.,0.,1.));
#4898 = ADVANCED_FACE('',(#4899),#4905,.F.);
#4899 = FACE_BOUND('',#4900,.F.);
#4900 = EDGE_LOOP('',(#4901,#4902,#4903,#4904));
#4901 = ORIENTED_EDGE('',*,*,#4788,.F.);
#4902 = ORIENTED_EDGE('',*,*,#4858,.T.);
#4903 = ORIENTED_EDGE('',*,*,#4828,.T.);
#4904 = ORIENTED_EDGE('',*,*,#4880,.F.);
#4905 = PLANE('',#4906);
#4906 = AXIS2_PLACEMENT_3D('',#4907,#4908,#4909);
#4907 = CARTESIAN_POINT('',(4.29E+03,-560.,925.));
#4908 = DIRECTION('',(0.,0.,1.));
#4909 = DIRECTION('',(1.,0.,0.));
#4910 = ADVANCED_FACE('',(#4911),#4917,.T.);
#4911 = FACE_BOUND('',#4912,.T.);
#4912 = EDGE_LOOP('',(#4913,#4914,#4915,#4916));
#4913 = ORIENTED_EDGE('',*,*,#4804,.F.);
#4914 = ORIENTED_EDGE('',*,*,#4865,.T.);
#4915 = ORIENTED_EDGE('',*,*,#4844,.T.);
#4916 = ORIENTED_EDGE('',*,*,#4887,.F.);
#4917 = PLANE('',#4918);
#4918 = AXIS2_PLACEMENT_3D('',#4919,#4920,#4921);
#4919 = CARTESIAN_POINT('',(4.29E+03,-560.,950.));
#4920 = DIRECTION('',(0.,0.,1.));
#4921 = DIRECTION('',(1.,0.,0.));
#4922 = MANIFOLD_SOLID_BREP('',#4923);
#4923 = CLOSED_SHELL('',(#4924,#4964,#5004,#5026,#5048,#5060));
#4924 = ADVANCED_FACE('',(#4925),#4959,.F.);
#4925 = FACE_BOUND('',#4926,.F.);
#4926 = EDGE_LOOP('',(#4927,#4937,#4945,#4953));
#4927 = ORIENTED_EDGE('',*,*,#4928,.F.);
#4928 = EDGE_CURVE('',#4929,#4931,#4933,.T.);
#4929 = VERTEX_POINT('',#4930);
#4930 = CARTESIAN_POINT('',(4.16E+03,-170.,115.));
#4931 = VERTEX_POINT('',#4932);
#4932 = CARTESIAN_POINT('',(4.16E+03,-170.,865.));
#4933 = LINE('',#4934,#4935);
#4934 = CARTESIAN_POINT('',(4.16E+03,-170.,115.));
#4935 = VECTOR('',#4936,1.);
#4936 = DIRECTION('',(0.,0.,1.));
#4937 = ORIENTED_EDGE('',*,*,#4938,.T.);
#4938 = EDGE_CURVE('',#4929,#4939,#4941,.T.);
#4939 = VERTEX_POINT('',#4940);
#4940 = CARTESIAN_POINT('',(4.16E+03,-150.,115.));
#4941 = LINE('',#4942,#4943);
#4942 = CARTESIAN_POINT('',(4.16E+03,-170.,115.));
#4943 = VECTOR('',#4944,1.);
#4944 = DIRECTION('',(0.,1.,0.));
#4945 = ORIENTED_EDGE('',*,*,#4946,.T.);
#4946 = EDGE_CURVE('',#4939,#4947,#4949,.T.);
#4947 = VERTEX_POINT('',#4948);
#4948 = CARTESIAN_POINT('',(4.16E+03,-150.,865.));
#4949 = LINE('',#4950,#4951);
#4950 = CARTESIAN_POINT('',(4.16E+03,-150.,115.));
#4951 = VECTOR('',#4952,1.);
#4952 = DIRECTION('',(0.,0.,1.));
#4953 = ORIENTED_EDGE('',*,*,#4954,.F.);
#4954 = EDGE_CURVE('',#4931,#4947,#4955,.T.);
#4955 = LINE('',#4956,#4957);
#4956 = CARTESIAN_POINT('',(4.16E+03,-170.,865.));
#4957 = VECTOR('',#4958,1.);
#4958 = DIRECTION('',(0.,1.,0.));
#4959 = PLANE('',#4960);
#4960 = AXIS2_PLACEMENT_3D('',#4961,#4962,#4963);
#4961 = CARTESIAN_POINT('',(4.16E+03,-170.,115.));
#4962 = DIRECTION('',(1.,0.,0.));
#4963 = DIRECTION('',(0.,0.,1.));
#4964 = ADVANCED_FACE('',(#4965),#4999,.T.);
#4965 = FACE_BOUND('',#4966,.T.);
#4966 = EDGE_LOOP('',(#4967,#4977,#4985,#4993));
#4967 = ORIENTED_EDGE('',*,*,#4968,.F.);
#4968 = EDGE_CURVE('',#4969,#4971,#4973,.T.);
#4969 = VERTEX_POINT('',#4970);
#4970 = CARTESIAN_POINT('',(4.215E+03,-170.,115.));
#4971 = VERTEX_POINT('',#4972);
#4972 = CARTESIAN_POINT('',(4.215E+03,-170.,865.));
#4973 = LINE('',#4974,#4975);
#4974 = CARTESIAN_POINT('',(4.215E+03,-170.,115.));
#4975 = VECTOR('',#4976,1.);
#4976 = DIRECTION('',(0.,0.,1.));
#4977 = ORIENTED_EDGE('',*,*,#4978,.T.);
#4978 = EDGE_CURVE('',#4969,#4979,#4981,.T.);
#4979 = VERTEX_POINT('',#4980);
#4980 = CARTESIAN_POINT('',(4.215E+03,-150.,115.));
#4981 = LINE('',#4982,#4983);
#4982 = CARTESIAN_POINT('',(4.215E+03,-170.,115.));
#4983 = VECTOR('',#4984,1.);
#4984 = DIRECTION('',(0.,1.,0.));
#4985 = ORIENTED_EDGE('',*,*,#4986,.T.);
#4986 = EDGE_CURVE('',#4979,#4987,#4989,.T.);
#4987 = VERTEX_POINT('',#4988);
#4988 = CARTESIAN_POINT('',(4.215E+03,-150.,865.));
#4989 = LINE('',#4990,#4991);
#4990 = CARTESIAN_POINT('',(4.215E+03,-150.,115.));
#4991 = VECTOR('',#4992,1.);
#4992 = DIRECTION('',(0.,0.,1.));
#4993 = ORIENTED_EDGE('',*,*,#4994,.F.);
#4994 = EDGE_CURVE('',#4971,#4987,#4995,.T.);
#4995 = LINE('',#4996,#4997);
#4996 = CARTESIAN_POINT('',(4.215E+03,-170.,865.));
#4997 = VECTOR('',#4998,1.);
#4998 = DIRECTION('',(0.,1.,0.));
#4999 = PLANE('',#5000);
#5000 = AXIS2_PLACEMENT_3D('',#5001,#5002,#5003);
#5001 = CARTESIAN_POINT('',(4.215E+03,-170.,115.));
#5002 = DIRECTION('',(1.,0.,0.));
#5003 = DIRECTION('',(0.,0.,1.));
#5004 = ADVANCED_FACE('',(#5005),#5021,.F.);
#5005 = FACE_BOUND('',#5006,.F.);
#5006 = EDGE_LOOP('',(#5007,#5013,#5014,#5020));
#5007 = ORIENTED_EDGE('',*,*,#5008,.F.);
#5008 = EDGE_CURVE('',#4929,#4969,#5009,.T.);
#5009 = LINE('',#5010,#5011);
#5010 = CARTESIAN_POINT('',(4.16E+03,-170.,115.));
#5011 = VECTOR('',#5012,1.);
#5012 = DIRECTION('',(1.,0.,0.));
#5013 = ORIENTED_EDGE('',*,*,#4928,.T.);
#5014 = ORIENTED_EDGE('',*,*,#5015,.T.);
#5015 = EDGE_CURVE('',#4931,#4971,#5016,.T.);
#5016 = LINE('',#5017,#5018);
#5017 = CARTESIAN_POINT('',(4.16E+03,-170.,865.));
#5018 = VECTOR('',#5019,1.);
#5019 = DIRECTION('',(1.,0.,0.));
#5020 = ORIENTED_EDGE('',*,*,#4968,.F.);
#5021 = PLANE('',#5022);
#5022 = AXIS2_PLACEMENT_3D('',#5023,#5024,#5025);
#5023 = CARTESIAN_POINT('',(4.16E+03,-170.,115.));
#5024 = DIRECTION('',(0.,1.,0.));
#5025 = DIRECTION('',(0.,0.,1.));
#5026 = ADVANCED_FACE('',(#5027),#5043,.T.);
#5027 = FACE_BOUND('',#5028,.T.);
#5028 = EDGE_LOOP('',(#5029,#5035,#5036,#5042));
#5029 = ORIENTED_EDGE('',*,*,#5030,.F.);
#5030 = EDGE_CURVE('',#4939,#4979,#5031,.T.);
#5031 = LINE('',#5032,#5033);
#5032 = CARTESIAN_POINT('',(4.16E+03,-150.,115.));
#5033 = VECTOR('',#5034,1.);
#5034 = DIRECTION('',(1.,0.,0.));
#5035 = ORIENTED_EDGE('',*,*,#4946,.T.);
#5036 = ORIENTED_EDGE('',*,*,#5037,.T.);
#5037 = EDGE_CURVE('',#4947,#4987,#5038,.T.);
#5038 = LINE('',#5039,#5040);
#5039 = CARTESIAN_POINT('',(4.16E+03,-150.,865.));
#5040 = VECTOR('',#5041,1.);
#5041 = DIRECTION('',(1.,0.,0.));
#5042 = ORIENTED_EDGE('',*,*,#4986,.F.);
#5043 = PLANE('',#5044);
#5044 = AXIS2_PLACEMENT_3D('',#5045,#5046,#5047);
#5045 = CARTESIAN_POINT('',(4.16E+03,-150.,115.));
#5046 = DIRECTION('',(0.,1.,0.));
#5047 = DIRECTION('',(0.,0.,1.));
#5048 = ADVANCED_FACE('',(#5049),#5055,.F.);
#5049 = FACE_BOUND('',#5050,.F.);
#5050 = EDGE_LOOP('',(#5051,#5052,#5053,#5054));
#5051 = ORIENTED_EDGE('',*,*,#4938,.F.);
#5052 = ORIENTED_EDGE('',*,*,#5008,.T.);
#5053 = ORIENTED_EDGE('',*,*,#4978,.T.);
#5054 = ORIENTED_EDGE('',*,*,#5030,.F.);
#5055 = PLANE('',#5056);
#5056 = AXIS2_PLACEMENT_3D('',#5057,#5058,#5059);
#5057 = CARTESIAN_POINT('',(4.16E+03,-170.,115.));
#5058 = DIRECTION('',(0.,0.,1.));
#5059 = DIRECTION('',(1.,0.,0.));
#5060 = ADVANCED_FACE('',(#5061),#5067,.T.);
#5061 = FACE_BOUND('',#5062,.T.);
#5062 = EDGE_LOOP('',(#5063,#5064,#5065,#5066));
#5063 = ORIENTED_EDGE('',*,*,#4954,.F.);
#5064 = ORIENTED_EDGE('',*,*,#5015,.T.);
#5065 = ORIENTED_EDGE('',*,*,#4994,.T.);
#5066 = ORIENTED_EDGE('',*,*,#5037,.F.);
#5067 = PLANE('',#5068);
#5068 = AXIS2_PLACEMENT_3D('',#5069,#5070,#5071);
#5069 = CARTESIAN_POINT('',(4.16E+03,-170.,865.));
#5070 = DIRECTION('',(0.,0.,1.));
#5071 = DIRECTION('',(1.,0.,0.));
#5072 = MANIFOLD_SOLID_BREP('',#5073);
#5073 = CLOSED_SHELL('',(#5074,#5114,#5154,#5176,#5198,#5210));
#5074 = ADVANCED_FACE('',(#5075),#5109,.F.);
#5075 = FACE_BOUND('',#5076,.F.);
#5076 = EDGE_LOOP('',(#5077,#5087,#5095,#5103));
#5077 = ORIENTED_EDGE('',*,*,#5078,.F.);
#5078 = EDGE_CURVE('',#5079,#5081,#5083,.T.);
#5079 = VERTEX_POINT('',#5080);
#5080 = CARTESIAN_POINT('',(4.16E+03,150.,115.));
#5081 = VERTEX_POINT('',#5082);
#5082 = CARTESIAN_POINT('',(4.16E+03,150.,865.));
#5083 = LINE('',#5084,#5085);
#5084 = CARTESIAN_POINT('',(4.16E+03,150.,115.));
#5085 = VECTOR('',#5086,1.);
#5086 = DIRECTION('',(0.,0.,1.));
#5087 = ORIENTED_EDGE('',*,*,#5088,.T.);
#5088 = EDGE_CURVE('',#5079,#5089,#5091,.T.);
#5089 = VERTEX_POINT('',#5090);
#5090 = CARTESIAN_POINT('',(4.16E+03,170.,115.));
#5091 = LINE('',#5092,#5093);
#5092 = CARTESIAN_POINT('',(4.16E+03,150.,115.));
#5093 = VECTOR('',#5094,1.);
#5094 = DIRECTION('',(0.,1.,0.));
#5095 = ORIENTED_EDGE('',*,*,#5096,.T.);
#5096 = EDGE_CURVE('',#5089,#5097,#5099,.T.);
#5097 = VERTEX_POINT('',#5098);
#5098 = CARTESIAN_POINT('',(4.16E+03,170.,865.));
#5099 = LINE('',#5100,#5101);
#5100 = CARTESIAN_POINT('',(4.16E+03,170.,115.));
#5101 = VECTOR('',#5102,1.);
#5102 = DIRECTION('',(0.,0.,1.));
#5103 = ORIENTED_EDGE('',*,*,#5104,.F.);
#5104 = EDGE_CURVE('',#5081,#5097,#5105,.T.);
#5105 = LINE('',#5106,#5107);
#5106 = CARTESIAN_POINT('',(4.16E+03,150.,865.));
#5107 = VECTOR('',#5108,1.);
#5108 = DIRECTION('',(0.,1.,0.));
#5109 = PLANE('',#5110);
#5110 = AXIS2_PLACEMENT_3D('',#5111,#5112,#5113);
#5111 = CARTESIAN_POINT('',(4.16E+03,150.,115.));
#5112 = DIRECTION('',(1.,0.,0.));
#5113 = DIRECTION('',(0.,0.,1.));
#5114 = ADVANCED_FACE('',(#5115),#5149,.T.);
#5115 = FACE_BOUND('',#5116,.T.);
#5116 = EDGE_LOOP('',(#5117,#5127,#5135,#5143));
#5117 = ORIENTED_EDGE('',*,*,#5118,.F.);
#5118 = EDGE_CURVE('',#5119,#5121,#5123,.T.);
#5119 = VERTEX_POINT('',#5120);
#5120 = CARTESIAN_POINT('',(4.215E+03,150.,115.));
#5121 = VERTEX_POINT('',#5122);
#5122 = CARTESIAN_POINT('',(4.215E+03,150.,865.));
#5123 = LINE('',#5124,#5125);
#5124 = CARTESIAN_POINT('',(4.215E+03,150.,115.));
#5125 = VECTOR('',#5126,1.);
#5126 = DIRECTION('',(0.,0.,1.));
#5127 = ORIENTED_EDGE('',*,*,#5128,.T.);
#5128 = EDGE_CURVE('',#5119,#5129,#5131,.T.);
#5129 = VERTEX_POINT('',#5130);
#5130 = CARTESIAN_POINT('',(4.215E+03,170.,115.));
#5131 = LINE('',#5132,#5133);
#5132 = CARTESIAN_POINT('',(4.215E+03,150.,115.));
#5133 = VECTOR('',#5134,1.);
#5134 = DIRECTION('',(0.,1.,0.));
#5135 = ORIENTED_EDGE('',*,*,#5136,.T.);
#5136 = EDGE_CURVE('',#5129,#5137,#5139,.T.);
#5137 = VERTEX_POINT('',#5138);
#5138 = CARTESIAN_POINT('',(4.215E+03,170.,865.));
#5139 = LINE('',#5140,#5141);
#5140 = CARTESIAN_POINT('',(4.215E+03,170.,115.));
#5141 = VECTOR('',#5142,1.);
#5142 = DIRECTION('',(0.,0.,1.));
#5143 = ORIENTED_EDGE('',*,*,#5144,.F.);
#5144 = EDGE_CURVE('',#5121,#5137,#5145,.T.);
#5145 = LINE('',#5146,#5147);
#5146 = CARTESIAN_POINT('',(4.215E+03,150.,865.));
#5147 = VECTOR('',#5148,1.);
#5148 = DIRECTION('',(0.,1.,0.));
#5149 = PLANE('',#5150);
#5150 = AXIS2_PLACEMENT_3D('',#5151,#5152,#5153);
#5151 = CARTESIAN_POINT('',(4.215E+03,150.,115.));
#5152 = DIRECTION('',(1.,0.,0.));
#5153 = DIRECTION('',(0.,0.,1.));
#5154 = ADVANCED_FACE('',(#5155),#5171,.F.);
#5155 = FACE_BOUND('',#5156,.F.);
#5156 = EDGE_LOOP('',(#5157,#5163,#5164,#5170));
#5157 = ORIENTED_EDGE('',*,*,#5158,.F.);
#5158 = EDGE_CURVE('',#5079,#5119,#5159,.T.);
#5159 = LINE('',#5160,#5161);
#5160 = CARTESIAN_POINT('',(4.16E+03,150.,115.));
#5161 = VECTOR('',#5162,1.);
#5162 = DIRECTION('',(1.,0.,0.));
#5163 = ORIENTED_EDGE('',*,*,#5078,.T.);
#5164 = ORIENTED_EDGE('',*,*,#5165,.T.);
#5165 = EDGE_CURVE('',#5081,#5121,#5166,.T.);
#5166 = LINE('',#5167,#5168);
#5167 = CARTESIAN_POINT('',(4.16E+03,150.,865.));
#5168 = VECTOR('',#5169,1.);
#5169 = DIRECTION('',(1.,0.,0.));
#5170 = ORIENTED_EDGE('',*,*,#5118,.F.);
#5171 = PLANE('',#5172);
#5172 = AXIS2_PLACEMENT_3D('',#5173,#5174,#5175);
#5173 = CARTESIAN_POINT('',(4.16E+03,150.,115.));
#5174 = DIRECTION('',(0.,1.,0.));
#5175 = DIRECTION('',(0.,0.,1.));
#5176 = ADVANCED_FACE('',(#5177),#5193,.T.);
#5177 = FACE_BOUND('',#5178,.T.);
#5178 = EDGE_LOOP('',(#5179,#5185,#5186,#5192));
#5179 = ORIENTED_EDGE('',*,*,#5180,.F.);
#5180 = EDGE_CURVE('',#5089,#5129,#5181,.T.);
#5181 = LINE('',#5182,#5183);
#5182 = CARTESIAN_POINT('',(4.16E+03,170.,115.));
#5183 = VECTOR('',#5184,1.);
#5184 = DIRECTION('',(1.,0.,0.));
#5185 = ORIENTED_EDGE('',*,*,#5096,.T.);
#5186 = ORIENTED_EDGE('',*,*,#5187,.T.);
#5187 = EDGE_CURVE('',#5097,#5137,#5188,.T.);
#5188 = LINE('',#5189,#5190);
#5189 = CARTESIAN_POINT('',(4.16E+03,170.,865.));
#5190 = VECTOR('',#5191,1.);
#5191 = DIRECTION('',(1.,0.,0.));
#5192 = ORIENTED_EDGE('',*,*,#5136,.F.);
#5193 = PLANE('',#5194);
#5194 = AXIS2_PLACEMENT_3D('',#5195,#5196,#5197);
#5195 = CARTESIAN_POINT('',(4.16E+03,170.,115.));
#5196 = DIRECTION('',(0.,1.,0.));
#5197 = DIRECTION('',(0.,0.,1.));
#5198 = ADVANCED_FACE('',(#5199),#5205,.F.);
#5199 = FACE_BOUND('',#5200,.F.);
#5200 = EDGE_LOOP('',(#5201,#5202,#5203,#5204));
#5201 = ORIENTED_EDGE('',*,*,#5088,.F.);
#5202 = ORIENTED_EDGE('',*,*,#5158,.T.);
#5203 = ORIENTED_EDGE('',*,*,#5128,.T.);
#5204 = ORIENTED_EDGE('',*,*,#5180,.F.);
#5205 = PLANE('',#5206);
#5206 = AXIS2_PLACEMENT_3D('',#5207,#5208,#5209);
#5207 = CARTESIAN_POINT('',(4.16E+03,150.,115.));
#5208 = DIRECTION('',(0.,0.,1.));
#5209 = DIRECTION('',(1.,0.,0.));
#5210 = ADVANCED_FACE('',(#5211),#5217,.T.);
#5211 = FACE_BOUND('',#5212,.T.);
#5212 = EDGE_LOOP('',(#5213,#5214,#5215,#5216));
#5213 = ORIENTED_EDGE('',*,*,#5104,.F.);
#5214 = ORIENTED_EDGE('',*,*,#5165,.T.);
#5215 = ORIENTED_EDGE('',*,*,#5144,.T.);
#5216 = ORIENTED_EDGE('',*,*,#5187,.F.);
#5217 = PLANE('',#5218);
#5218 = AXIS2_PLACEMENT_3D('',#5219,#5220,#5221);
#5219 = CARTESIAN_POINT('',(4.16E+03,150.,865.));
#5220 = DIRECTION('',(0.,0.,1.));
#5221 = DIRECTION('',(1.,0.,0.));
#5222 = ( GEOMETRIC_REPRESENTATION_CONTEXT(3) 
GLOBAL_UNCERTAINTY_ASSIGNED_CONTEXT((#5226)) 
GLOBAL_UNIT_ASSIGNED_CONTEXT((#5223,#5224,#5225)) REPRESENTATION_CONTEXT
('Context #1','3D Context with UNIT and UNCERTAINTY') );
#5223 = ( LENGTH_UNIT() NAMED_UNIT(*) SI_UNIT(.MILLI.,.METRE.) );
#5224 = ( NAMED_UNIT(*) PLANE_ANGLE_UNIT() SI_UNIT($,.RADIAN.) );
#5225 = ( NAMED_UNIT(*) SI_UNIT($,.STERADIAN.) SOLID_ANGLE_UNIT() );
#5226 = UNCERTAINTY_MEASURE_WITH_UNIT(LENGTH_MEASURE(2.E-07),#5223,
  'distance_accuracy_value','confusion accuracy');
#5227 = PRODUCT_RELATED_PRODUCT_CATEGORY('part',$,(#7));
ENDSEC;
END-ISO-10303-21;
